T62,2,7.955913355730845,[175],13.930042
T62,2,7.955913355730845,[175],11.470125
T62,2,7.955913355730845,[175],11.014833
T62,2,7.955913355730845,[175],11.178584
T62,2,7.955913355730845,[175],11.261042
T62,2,7.955913355730845,[175],10.890167
T62,2,7.955913355730845,[175],11.073625
T62,2,7.955913355730845,[175],10.921999999999999
T62,2,7.955913355730845,[175],11.057958999999999
T62,2,7.955913355730845,[175],11.185459
T62,2,7.955913355730845,[175],11.374792
T62,2,7.955913355730845,[175],11.1495
T62,2,7.955913355730845,[175],10.900583000000001
T62,2,7.955913355730845,[175],11.058709
T62,2,7.955913355730845,[175],10.890375
T62,2,7.955913355730845,[175],11.295375
T62,2,7.955913355730845,[175],10.830292
T62,2,7.955913355730845,[175],27.1345
T62,2,7.955913355730845,[175],10.898667000000001
T62,2,7.955913355730845,[175],11.223
T62,2,7.955913355730845,[175],11.033707999999999
T62,2,7.955913355730845,[175],11.061417
T62,2,7.955913355730845,[175],11.194374999999999
T62,2,7.955913355730845,[175],11.081416
T62,2,7.955913355730845,[175],11.156208000000001
T62,2,7.955913355730845,[175],11.201042
T62,2,7.955913355730845,[175],11.113916999999999
T62,2,7.955913355730845,[175],11.215167
T62,2,7.955913355730845,[175],11.126833
T62,2,7.955913355730845,[175],10.958625
T62,3,11.472976835556217,[120;183],19.032084
T62,3,11.472976835556217,[120;183],18.518667
T62,3,11.472976835556217,[120;183],18.483334
T62,3,11.472976835556217,[120;183],18.564167
T62,3,11.472976835556217,[120;183],18.868708
T62,3,11.472976835556217,[120;183],19.12275
T62,3,11.472976835556217,[120;183],18.575584
T62,3,11.472976835556217,[120;183],18.396
T62,3,11.472976835556217,[120;183],18.677417000000002
T62,3,11.472976835556217,[120;183],18.932707999999998
T62,3,11.472976835556217,[120;183],19.224208
T62,3,11.472976835556217,[120;183],18.480708
T62,3,11.472976835556217,[120;183],18.551875
T62,3,11.472976835556217,[120;183],34.352833
T62,3,11.472976835556217,[120;183],18.591292
T62,3,11.472976835556217,[120;183],19.013542
T62,3,11.472976835556217,[120;183],18.641375
T62,3,11.472976835556217,[120;183],18.830416
T62,3,11.472976835556217,[120;183],18.756875
T62,3,11.472976835556217,[120;183],19.214375
T62,3,11.472976835556217,[120;183],19.176292
T62,3,11.472976835556217,[120;183],18.48625
T62,3,11.472976835556217,[120;183],18.545749999999998
T62,3,11.472976835556217,[120;183],19.224417
T62,3,11.472976835556217,[120;183],19.196709
T62,3,11.472976835556217,[120;183],18.860792
T62,3,11.472976835556217,[120;183],18.447541
T62,3,11.472976835556217,[120;183],19.193292
T62,3,11.472976835556217,[120;183],19.210625
T62,3,11.472976835556217,[120;183],18.663249999999998
T62,4,14.519082257289378,[110;167;213],25.417958000000002
T62,4,14.519082257289378,[110;167;213],24.6935
T62,4,14.519082257289378,[110;167;213],24.5795
T62,4,14.519082257289378,[110;167;213],24.593458
T62,4,14.519082257289378,[110;167;213],25.627582999999998
T62,4,14.519082257289378,[110;167;213],25.721334
T62,4,14.519082257289378,[110;167;213],40.303917
T62,4,14.519082257289378,[110;167;213],25.6055
T62,4,14.519082257289378,[110;167;213],24.820334
T62,4,14.519082257289378,[110;167;213],24.7895
T62,4,14.519082257289378,[110;167;213],24.679166
T62,4,14.519082257289378,[110;167;213],25.30375
T62,4,14.519082257289378,[110;167;213],24.531417
T62,4,14.519082257289378,[110;167;213],25.435624999999998
T62,4,14.519082257289378,[110;167;213],24.780625
T62,4,14.519082257289378,[110;167;213],24.560292
T62,4,14.519082257289378,[110;167;213],25.717958
T62,4,14.519082257289378,[110;167;213],24.522709
T62,4,14.519082257289378,[110;167;213],25.69875
T62,4,14.519082257289378,[110;167;213],24.951417
T62,4,14.519082257289378,[110;167;213],24.849
T62,4,14.519082257289378,[110;167;213],25.532583000000002
T62,4,14.519082257289378,[110;167;213],24.815542
T62,4,14.519082257289378,[110;167;213],25.164958000000002
T62,4,14.519082257289378,[110;167;213],24.653125000000003
T62,4,14.519082257289378,[110;167;213],24.670959
T62,4,14.519082257289378,[110;167;213],41.202957999999995
T62,4,14.519082257289378,[110;167;213],24.867542
T62,4,14.519082257289378,[110;167;213],24.953875
T62,4,14.519082257289378,[110;167;213],25.666791
T62,5,17.40369821655166,[95;134;175;214],33.563584
T62,5,17.40369821655166,[95;134;175;214],32.465209
T62,5,17.40369821655166,[95;134;175;214],32.518208
T62,5,17.40369821655166,[95;134;175;214],33.410042000000004
T62,5,17.40369821655166,[95;134;175;214],33.565583000000004
T62,5,17.40369821655166,[95;134;175;214],33.368375
T62,5,17.40369821655166,[95;134;175;214],33.346292
T62,5,17.40369821655166,[95;134;175;214],33.21275
T62,5,17.40369821655166,[95;134;175;214],33.304416
T62,5,17.40369821655166,[95;134;175;214],32.954499999999996
T62,5,17.40369821655166,[95;134;175;214],32.702583
T62,5,17.40369821655166,[95;134;175;214],33.414709
T62,5,17.40369821655166,[95;134;175;214],33.491292
T62,5,17.40369821655166,[95;134;175;214],32.744125
T62,5,17.40369821655166,[95;134;175;214],32.266749999999995
T62,5,17.40369821655166,[95;134;175;214],32.427625
T62,5,17.40369821655166,[95;134;175;214],49.767542
T62,5,17.40369821655166,[95;134;175;214],33.329541
T62,5,17.40369821655166,[95;134;175;214],33.193
T62,5,17.40369821655166,[95;134;175;214],32.345292
T62,5,17.40369821655166,[95;134;175;214],32.631375
T62,5,17.40369821655166,[95;134;175;214],32.491209
T62,5,17.40369821655166,[95;134;175;214],32.307875
T62,5,17.40369821655166,[95;134;175;214],33.349291
T62,5,17.40369821655166,[95;134;175;214],32.861875
T62,5,17.40369821655166,[95;134;175;214],33.033583
T62,5,17.40369821655166,[95;134;175;214],32.418209000000004
T62,5,17.40369821655166,[95;134;175;214],32.388166000000005
T62,5,17.40369821655166,[95;134;175;214],33.488375
T62,5,17.40369821655166,[95;134;175;214],32.353291
T42,2,7.84525091896853,[169],10.529166
T42,2,7.84525091896853,[169],10.355625
T42,2,7.84525091896853,[169],10.649917
T42,2,7.84525091896853,[169],10.582832999999999
T42,2,7.84525091896853,[169],10.404625000000001
T42,2,7.84525091896853,[169],10.315667000000001
T42,2,7.84525091896853,[169],10.477458
T42,2,7.84525091896853,[169],13.265333
T42,2,7.84525091896853,[169],10.395290999999999
T42,2,7.84525091896853,[169],10.350292000000001
T42,2,7.84525091896853,[169],10.485625
T42,2,7.84525091896853,[169],10.597834
T42,2,7.84525091896853,[169],10.591375
T42,2,7.84525091896853,[169],10.616459
T42,2,7.84525091896853,[169],10.633875
T42,2,7.84525091896853,[169],10.560208
T42,2,7.84525091896853,[169],10.485625
T42,2,7.84525091896853,[169],10.595291999999999
T42,2,7.84525091896853,[169],10.53575
T42,2,7.84525091896853,[169],10.672083
T42,2,7.84525091896853,[169],10.590833
T42,2,7.84525091896853,[169],10.658249999999999
T42,2,7.84525091896853,[169],10.714167
T42,2,7.84525091896853,[169],10.615708
T42,2,7.84525091896853,[169],10.548917
T42,2,7.84525091896853,[169],10.475375
T42,2,7.84525091896853,[169],10.578417
T42,2,7.84525091896853,[169],10.715875
T42,2,7.84525091896853,[169],10.699250000000001
T42,2,7.84525091896853,[169],23.136083000000003
T42,3,11.494069390644473,[112;182],16.279249999999998
T42,3,11.494069390644473,[112;182],16.384584
T42,3,11.494069390644473,[112;182],16.623124999999998
T42,3,11.494069390644473,[112;182],16.768291
T42,3,11.494069390644473,[112;182],16.684209
T42,3,11.494069390644473,[112;182],16.039667
T42,3,11.494069390644473,[112;182],16.798583999999998
T42,3,11.494069390644473,[112;182],16.436958
T42,3,11.494069390644473,[112;182],16.278792
T42,3,11.494069390644473,[112;182],16.502041
T42,3,11.494069390644473,[112;182],16.538708999999997
T42,3,11.494069390644473,[112;182],16.680833
T42,3,11.494069390644473,[112;182],17.064375
T42,3,11.494069390644473,[112;182],17.231208000000002
T42,3,11.494069390644473,[112;182],16.826583999999997
T42,3,11.494069390644473,[112;182],16.606291
T42,3,11.494069390644473,[112;182],16.704459
T42,3,11.494069390644473,[112;182],17.487959
T42,3,11.494069390644473,[112;182],16.927541
T42,3,11.494069390644473,[112;182],16.639083
T42,3,11.494069390644473,[112;182],16.684667
T42,3,11.494069390644473,[112;182],35.780833
T42,3,11.494069390644473,[112;182],16.371875
T42,3,11.494069390644473,[112;182],16.570584
T42,3,11.494069390644473,[112;182],16.595499999999998
T42,3,11.494069390644473,[112;182],16.634333
T42,3,11.494069390644473,[112;182],16.473083
T42,3,11.494069390644473,[112;182],16.245708
T42,3,11.494069390644473,[112;182],16.787167
T42,3,11.494069390644473,[112;182],16.066834
T42,4,14.465432341137767,[83;130;183],23.037708000000002
T42,4,14.465432341137767,[83;130;183],22.916375
T42,4,14.465432341137767,[83;130;183],23.258750000000003
T42,4,14.465432341137767,[83;130;183],23.97575
T42,4,14.465432341137767,[83;130;183],24.036083
T42,4,14.465432341137767,[83;130;183],23.815625
T42,4,14.465432341137767,[83;130;183],23.014833
T42,4,14.465432341137767,[83;130;183],24.239417
T42,4,14.465432341137767,[83;130;183],23.068667
T42,4,14.465432341137767,[83;130;183],23.424
T42,4,14.465432341137767,[83;130;183],23.958709000000002
T42,4,14.465432341137767,[83;130;183],22.971834
T42,4,14.465432341137767,[83;130;183],24.134041
T42,4,14.465432341137767,[83;130;183],24.038082999999997
T42,4,14.465432341137767,[83;130;183],23.082584
T42,4,14.465432341137767,[83;130;183],23.782375000000002
T42,4,14.465432341137767,[83;130;183],22.94975
T42,4,14.465432341137767,[83;130;183],23.202707999999998
T42,4,14.465432341137767,[83;130;183],23.2285
T42,4,14.465432341137767,[83;130;183],23.199625
T42,4,14.465432341137767,[83;130;183],23.495666
T42,4,14.465432341137767,[83;130;183],23.699082999999998
T42,4,14.465432341137767,[83;130;183],24.059292
T42,4,14.465432341137767,[83;130;183],23.934416
T42,4,14.465432341137767,[83;130;183],24.006459
T42,4,14.465432341137767,[83;130;183],23.340584
T42,4,14.465432341137767,[83;130;183],23.632459
T42,4,14.465432341137767,[83;130;183],22.7565
T42,4,14.465432341137767,[83;130;183],23.356416000000003
T42,4,14.465432341137767,[83;130;183],23.095208
T42,5,17.33994747806333,[75;120;169;210],57.782958
T42,5,17.33994747806333,[75;120;169;210],58.6625
T42,5,17.33994747806333,[75;120;169;210],56.317084
T42,5,17.33994747806333,[75;120;169;210],58.4205
T42,5,17.33994747806333,[75;120;169;210],58.79925
T42,5,17.33994747806333,[75;120;169;210],57.888000000000005
T42,5,17.33994747806333,[75;120;169;210],57.426334000000004
T42,5,17.33994747806333,[75;120;169;210],58.248917
T42,5,17.33994747806333,[75;120;169;210],58.79325
T42,5,17.33994747806333,[75;120;169;210],57.836125
T42,5,17.33994747806333,[75;120;169;210],57.887583
T42,5,17.33994747806333,[75;120;169;210],69.092584
T42,5,17.33994747806333,[75;120;169;210],58.925375
T42,5,17.33994747806333,[75;120;169;210],58.185292
T42,5,17.33994747806333,[75;120;169;210],57.32875
T42,5,17.33994747806333,[75;120;169;210],57.009625
T42,5,17.33994747806333,[75;120;169;210],57.356125
T42,5,17.33994747806333,[75;120;169;210],57.103959
T42,5,17.33994747806333,[75;120;169;210],57.104124999999996
T42,5,17.33994747806333,[75;120;169;210],58.605041
T42,5,17.33994747806333,[75;120;169;210],58.665792
T42,5,17.33994747806333,[75;120;169;210],57.836833
T42,5,17.33994747806333,[75;120;169;210],57.063875
T42,5,17.33994747806333,[75;120;169;210],57.2015
T42,5,17.33994747806333,[75;120;169;210],58.524417
T42,5,17.33994747806333,[75;120;169;210],58.31675
T42,5,17.33994747806333,[75;120;169;210],56.670208
T42,5,17.33994747806333,[75;120;169;210],57.542207999999995
T42,5,17.33994747806333,[75;120;169;210],56.24175
T42,5,17.33994747806333,[75;120;169;210],56.412375
T52,2,7.850794240900359,[179],9.689834
T52,2,7.850794240900359,[179],9.821417
T52,2,7.850794240900359,[179],9.618666
T52,2,7.850794240900359,[179],9.836083
T52,2,7.850794240900359,[179],9.631292
T52,2,7.850794240900359,[179],9.66925
T52,2,7.850794240900359,[179],9.733334
T52,2,7.850794240900359,[179],9.628333
T52,2,7.850794240900359,[179],9.658709
T52,2,7.850794240900359,[179],9.779125
T52,2,7.850794240900359,[179],9.833959
T52,2,7.850794240900359,[179],9.836417
T52,2,7.850794240900359,[179],9.678958999999999
T52,2,7.850794240900359,[179],9.81925
T52,2,7.850794240900359,[179],9.751084
T52,2,7.850794240900359,[179],9.729
T52,2,7.850794240900359,[179],9.681917
T52,2,7.850794240900359,[179],9.712958
T52,2,7.850794240900359,[179],9.893917
T52,2,7.850794240900359,[179],9.740625
T52,2,7.850794240900359,[179],9.784583
T52,2,7.850794240900359,[179],9.688042
T52,2,7.850794240900359,[179],9.820708
T52,2,7.850794240900359,[179],9.754292
T52,2,7.850794240900359,[179],9.891
T52,2,7.850794240900359,[179],9.77975
T52,2,7.850794240900359,[179],9.671041
T52,2,7.850794240900359,[179],9.653083
T52,2,7.850794240900359,[179],9.684750000000001
T52,2,7.850794240900359,[179],9.634208
T52,3,11.389231201302522,[118;181],17.399
T52,3,11.389231201302522,[118;181],17.32225
T52,3,11.389231201302522,[118;181],17.380542
T52,3,11.389231201302522,[118;181],17.335208
T52,3,11.389231201302522,[118;181],17.070124999999997
T52,3,11.389231201302522,[118;181],17.388625
T52,3,11.389231201302522,[118;181],17.606625
T52,3,11.389231201302522,[118;181],17.217833
T52,3,11.389231201302522,[118;181],16.951207999999998
T52,3,11.389231201302522,[118;181],24.431584
T52,3,11.389231201302522,[118;181],17.156417
T52,3,11.389231201302522,[118;181],17.153374999999997
T52,3,11.389231201302522,[118;181],17.045666
T52,3,11.389231201302522,[118;181],17.267083999999997
T52,3,11.389231201302522,[118;181],17.051750000000002
T52,3,11.389231201302522,[118;181],17.029374999999998
T52,3,11.389231201302522,[118;181],17.090332999999998
T52,3,11.389231201302522,[118;181],17.034042
T52,3,11.389231201302522,[118;181],16.880042000000003
T52,3,11.389231201302522,[118;181],17.197833
T52,3,11.389231201302522,[118;181],16.955125000000002
T52,3,11.389231201302522,[118;181],17.041082999999997
T52,3,11.389231201302522,[118;181],17.713625
T52,3,11.389231201302522,[118;181],16.997417000000002
T52,3,11.389231201302522,[118;181],17.010625
T52,3,11.389231201302522,[118;181],17.199125
T52,3,11.389231201302522,[118;181],17.175209
T52,3,11.389231201302522,[118;181],17.370125
T52,3,11.389231201302522,[118;181],17.433417
T52,3,11.389231201302522,[118;181],16.989916
T52,4,14.442298483727077,[112;167;204],21.694875
T52,4,14.442298483727077,[112;167;204],22
T52,4,14.442298483727077,[112;167;204],21.895333
T52,4,14.442298483727077,[112;167;204],22.112916
T52,4,14.442298483727077,[112;167;204],25.822792
T52,4,14.442298483727077,[112;167;204],22.712208
T52,4,14.442298483727077,[112;167;204],21.811583
T52,4,14.442298483727077,[112;167;204],22.098625000000002
T52,4,14.442298483727077,[112;167;204],22.068625
T52,4,14.442298483727077,[112;167;204],22.03925
T52,4,14.442298483727077,[112;167;204],21.82225
T52,4,14.442298483727077,[112;167;204],22.655
T52,4,14.442298483727077,[112;167;204],21.906958
T52,4,14.442298483727077,[112;167;204],22.151875
T52,4,14.442298483727077,[112;167;204],21.9815
T52,4,14.442298483727077,[112;167;204],21.949333000000003
T52,4,14.442298483727077,[112;167;204],22.760875
T52,4,14.442298483727077,[112;167;204],22.763875
T52,4,14.442298483727077,[112;167;204],22.688667
T52,4,14.442298483727077,[112;167;204],22.556125
T52,4,14.442298483727077,[112;167;204],21.84825
T52,4,14.442298483727077,[112;167;204],21.999916000000002
T52,4,14.442298483727077,[112;167;204],22.074375
T52,4,14.442298483727077,[112;167;204],24.043333
T52,4,14.442298483727077,[112;167;204],22.802041
T52,4,14.442298483727077,[112;167;204],22.026083
T52,4,14.442298483727077,[112;167;204],22.4315
T52,4,14.442298483727077,[112;167;204],22.651125
T52,4,14.442298483727077,[112;167;204],22.318875
T52,4,14.442298483727077,[112;167;204],22.433125
T52,5,17.29806710342079,[91;129;170;205],26.668083
T52,5,17.29806710342079,[91;129;170;205],25.40875
T52,5,17.29806710342079,[91;129;170;205],25.943250000000003
T52,5,17.29806710342079,[91;129;170;205],25.871584
T52,5,17.29806710342079,[91;129;170;205],26.181959000000003
T52,5,17.29806710342079,[91;129;170;205],25.932
T52,5,17.29806710342079,[91;129;170;205],25.967209
T52,5,17.29806710342079,[91;129;170;205],25.904375
T52,5,17.29806710342079,[91;129;170;205],25.95575
T52,5,17.29806710342079,[91;129;170;205],25.434541000000003
T52,5,17.29806710342079,[91;129;170;205],26.408417
T52,5,17.29806710342079,[91;129;170;205],25.913208
T52,5,17.29806710342079,[91;129;170;205],39.8455
T52,5,17.29806710342079,[91;129;170;205],26.332458
T52,5,17.29806710342079,[91;129;170;205],26.622583
T52,5,17.29806710342079,[91;129;170;205],25.739375
T52,5,17.29806710342079,[91;129;170;205],26.233292
T52,5,17.29806710342079,[91;129;170;205],26.134083
T52,5,17.29806710342079,[91;129;170;205],26.719917
T52,5,17.29806710342079,[91;129;170;205],26.533082999999998
T52,5,17.29806710342079,[91;129;170;205],26.698292
T52,5,17.29806710342079,[91;129;170;205],26.158792000000002
T52,5,17.29806710342079,[91;129;170;205],26.433999999999997
T52,5,17.29806710342079,[91;129;170;205],26.769834
T52,5,17.29806710342079,[91;129;170;205],25.798417
T52,5,17.29806710342079,[91;129;170;205],25.850417
T52,5,17.29806710342079,[91;129;170;205],26.879165999999998
T52,5,17.29806710342079,[91;129;170;205],25.8265
T52,5,17.29806710342079,[91;129;170;205],26.069499999999998
T52,5,17.29806710342079,[91;129;170;205],26.31925
T22,2,7.543515216401641,[174],7.256042
T22,2,7.543515216401641,[174],7.097791
T22,2,7.543515216401641,[174],7.226
T22,2,7.543515216401641,[174],7.33
T22,2,7.543515216401641,[174],7.174584
T22,2,7.543515216401641,[174],7.388999999999999
T22,2,7.543515216401641,[174],16.368707999999998
T22,2,7.543515216401641,[174],7.1693750000000005
T22,2,7.543515216401641,[174],7.275167
T22,2,7.543515216401641,[174],7.120125
T22,2,7.543515216401641,[174],7.206875
T22,2,7.543515216401641,[174],7.334125
T22,2,7.543515216401641,[174],7.1209999999999996
T22,2,7.543515216401641,[174],7.255291
T22,2,7.543515216401641,[174],7.154459
T22,2,7.543515216401641,[174],7.299125
T22,2,7.543515216401641,[174],7.415667
T22,2,7.543515216401641,[174],7.227957999999999
T22,2,7.543515216401641,[174],7.3315
T22,2,7.543515216401641,[174],7.40775
T22,2,7.543515216401641,[174],7.117417
T22,2,7.543515216401641,[174],7.3058749999999995
T22,2,7.543515216401641,[174],7.170666
T22,2,7.543515216401641,[174],7.303375
T22,2,7.543515216401641,[174],7.165667
T22,2,7.543515216401641,[174],7.403708999999999
T22,2,7.543515216401641,[174],7.416708
T22,2,7.543515216401641,[174],7.353834
T22,2,7.543515216401641,[174],7.398333
T22,2,7.543515216401641,[174],7.160583
T22,3,11.16046044590155,[95;174],10.0395
T22,3,11.16046044590155,[95;174],10.161667
T22,3,11.16046044590155,[95;174],10.156125
T22,3,11.16046044590155,[95;174],10.02525
T22,3,11.16046044590155,[95;174],10.083
T22,3,11.16046044590155,[95;174],10.009792
T22,3,11.16046044590155,[95;174],10.118959
T22,3,11.16046044590155,[95;174],10.101125000000001
T22,3,11.16046044590155,[95;174],10.055583
T22,3,11.16046044590155,[95;174],10.409958
T22,3,11.16046044590155,[95;174],12.763874999999999
T22,3,11.16046044590155,[95;174],10.3845
T22,3,11.16046044590155,[95;174],10.350375
T22,3,11.16046044590155,[95;174],10.267708
T22,3,11.16046044590155,[95;174],10.184166999999999
T22,3,11.16046044590155,[95;174],10.039584000000001
T22,3,11.16046044590155,[95;174],10.272625
T22,3,11.16046044590155,[95;174],10.024458
T22,3,11.16046044590155,[95;174],10.483374999999999
T22,3,11.16046044590155,[95;174],10.354291
T22,3,11.16046044590155,[95;174],10.126916
T22,3,11.16046044590155,[95;174],10.413791
T22,3,11.16046044590155,[95;174],10.021958
T22,3,11.16046044590155,[95;174],10.190917
T22,3,11.16046044590155,[95;174],10.094875
T22,3,11.16046044590155,[95;174],10.095792
T22,3,11.16046044590155,[95;174],10.409416
T22,3,11.16046044590155,[95;174],10.4375
T22,3,11.16046044590155,[95;174],10.367709
T22,3,11.16046044590155,[95;174],10.239708
T22,4,14.306798370815985,[61;115;178],23.577
T22,4,14.306798370815985,[61;115;178],23.553916
T22,4,14.306798370815985,[61;115;178],22.509500000000003
T22,4,14.306798370815985,[61;115;178],23.219583
T22,4,14.306798370815985,[61;115;178],23.012042
T22,4,14.306798370815985,[61;115;178],23.294916
T22,4,14.306798370815985,[61;115;178],23.431834
T22,4,14.306798370815985,[61;115;178],23.663415999999998
T22,4,14.306798370815985,[61;115;178],22.622709
T22,4,14.306798370815985,[61;115;178],23.402791999999998
T22,4,14.306798370815985,[61;115;178],23.104917
T22,4,14.306798370815985,[61;115;178],22.904999999999998
T22,4,14.306798370815985,[61;115;178],22.994
T22,4,14.306798370815985,[61;115;178],22.854917
T22,4,14.306798370815985,[61;115;178],22.862208
T22,4,14.306798370815985,[61;115;178],22.979166
T22,4,14.306798370815985,[61;115;178],23.198166999999998
T22,4,14.306798370815985,[61;115;178],23.387083
T22,4,14.306798370815985,[61;115;178],23.500541
T22,4,14.306798370815985,[61;115;178],23.872625000000003
T22,4,14.306798370815985,[61;115;178],23.194042000000003
T22,4,14.306798370815985,[61;115;178],23.317458
T22,4,14.306798370815985,[61;115;178],23.637542
T22,4,14.306798370815985,[61;115;178],22.758167
T22,4,14.306798370815985,[61;115;178],23.121958000000003
T22,4,14.306798370815985,[61;115;178],26.676208
T22,4,14.306798370815985,[61;115;178],23.85
T22,4,14.306798370815985,[61;115;178],23.181458
T22,4,14.306798370815985,[61;115;178],22.727708
T22,4,14.306798370815985,[61;115;178],23.665084
T22,5,17.139781292307866,[57;107;158;189],28.3685
T22,5,17.139781292307866,[57;107;158;189],27.271084000000002
T22,5,17.139781292307866,[57;107;158;189],27.825916999999997
T22,5,17.139781292307866,[57;107;158;189],27.498375
T22,5,17.139781292307866,[57;107;158;189],28.204041999999998
T22,5,17.139781292307866,[57;107;158;189],28.227792
T22,5,17.139781292307866,[57;107;158;189],27.726417
T22,5,17.139781292307866,[57;107;158;189],27.241291
T22,5,17.139781292307866,[57;107;158;189],27.187875000000002
T22,5,17.139781292307866,[57;107;158;189],27.672583
T22,5,17.139781292307866,[57;107;158;189],27.921042
T22,5,17.139781292307866,[57;107;158;189],27.633667
T22,5,17.139781292307866,[57;107;158;189],27.732083
T22,5,17.139781292307866,[57;107;158;189],28.096833
T22,5,17.139781292307866,[57;107;158;189],27.600083
T22,5,17.139781292307866,[57;107;158;189],28.313709
T22,5,17.139781292307866,[57;107;158;189],27.565875
T22,5,17.139781292307866,[57;107;158;189],27.746875
T22,5,17.139781292307866,[57;107;158;189],28.035
T22,5,17.139781292307866,[57;107;158;189],27.358833999999998
T22,5,17.139781292307866,[57;107;158;189],27.740042
T22,5,17.139781292307866,[57;107;158;189],27.341292
T22,5,17.139781292307866,[57;107;158;189],28.251917000000002
T22,5,17.139781292307866,[57;107;158;189],28.18575
T22,5,17.139781292307866,[57;107;158;189],28.094292
T22,5,17.139781292307866,[57;107;158;189],27.474958
T22,5,17.139781292307866,[57;107;158;189],27.444709
T22,5,17.139781292307866,[57;107;158;189],27.769542
T22,5,17.139781292307866,[57;107;158;189],27.616208
T22,5,17.139781292307866,[57;107;158;189],28.240917
T32,2,7.718929925587214,[185],8.776083999999999
T32,2,7.718929925587214,[185],8.467666000000001
T32,2,7.718929925587214,[185],8.489125
T32,2,7.718929925587214,[185],8.700958
T32,2,7.718929925587214,[185],8.503874999999999
T32,2,7.718929925587214,[185],8.544875000000001
T32,2,7.718929925587214,[185],8.780750000000001
T32,2,7.718929925587214,[185],11.874167
T32,2,7.718929925587214,[185],8.555708000000001
T32,2,7.718929925587214,[185],8.649834
T32,2,7.718929925587214,[185],8.675125000000001
T32,2,7.718929925587214,[185],8.746625
T32,2,7.718929925587214,[185],8.745042
T32,2,7.718929925587214,[185],8.507333000000001
T32,2,7.718929925587214,[185],8.5105
T32,2,7.718929925587214,[185],8.463
T32,2,7.718929925587214,[185],8.467209
T32,2,7.718929925587214,[185],8.732292
T32,2,7.718929925587214,[185],8.512333
T32,2,7.718929925587214,[185],8.733333
T32,2,7.718929925587214,[185],8.664208
T32,2,7.718929925587214,[185],8.530707999999999
T32,2,7.718929925587214,[185],8.744666
T32,2,7.718929925587214,[185],8.730125
T32,2,7.718929925587214,[185],8.490709
T32,2,7.718929925587214,[185],8.882041000000001
T32,2,7.718929925587214,[185],8.517666
T32,2,7.718929925587214,[185],8.574417
T32,2,7.718929925587214,[185],8.685167
T32,2,7.718929925587214,[185],8.625542
T32,3,11.365793289015222,[110;185],11.036208
T32,3,11.365793289015222,[110;185],11.181167
T32,3,11.365793289015222,[110;185],11.142707999999999
T32,3,11.365793289015222,[110;185],10.834417
T32,3,11.365793289015222,[110;185],10.997125
T32,3,11.365793289015222,[110;185],11.23775
T32,3,11.365793289015222,[110;185],11.136708
T32,3,11.365793289015222,[110;185],10.933916
T32,3,11.365793289015222,[110;185],10.882584000000001
T32,3,11.365793289015222,[110;185],10.998458
T32,3,11.365793289015222,[110;185],12.496792
T32,3,11.365793289015222,[110;185],10.777208
T32,3,11.365793289015222,[110;185],10.937292
T32,3,11.365793289015222,[110;185],11.12675
T32,3,11.365793289015222,[110;185],11.04
T32,3,11.365793289015222,[110;185],11.037666999999999
T32,3,11.365793289015222,[110;185],10.763417
T32,3,11.365793289015222,[110;185],11.059625
T32,3,11.365793289015222,[110;185],10.798333
T32,3,11.365793289015222,[110;185],11.197292
T32,3,11.365793289015222,[110;185],11.273042
T32,3,11.365793289015222,[110;185],11.061167000000001
T32,3,11.365793289015222,[110;185],11.241833
T32,3,11.365793289015222,[110;185],11.374667
T32,3,11.365793289015222,[110;185],11.1775
T32,3,11.365793289015222,[110;185],10.988709
T32,3,11.365793289015222,[110;185],11.197166999999999
T32,3,11.365793289015222,[110;185],11.342542
T32,3,11.365793289015222,[110;185],10.870542
T32,3,11.365793289015222,[110;185],11.122084000000001
T32,4,14.417573664308954,[58;115;185],22.062291000000002
T32,4,14.417573664308954,[58;115;185],21.954458
T32,4,14.417573664308954,[58;115;185],24.9245
T32,4,14.417573664308954,[58;115;185],21.497125
T32,4,14.417573664308954,[58;115;185],21.544458
T32,4,14.417573664308954,[58;115;185],21.379417
T32,4,14.417573664308954,[58;115;185],21.259666
T32,4,14.417573664308954,[58;115;185],21.262458000000002
T32,4,14.417573664308954,[58;115;185],21.690667
T32,4,14.417573664308954,[58;115;185],21.431291
T32,4,14.417573664308954,[58;115;185],21.984707999999998
T32,4,14.417573664308954,[58;115;185],22.081334000000002
T32,4,14.417573664308954,[58;115;185],21.763625
T32,4,14.417573664308954,[58;115;185],21.729125
T32,4,14.417573664308954,[58;115;185],22.028667
T32,4,14.417573664308954,[58;115;185],21.915166
T32,4,14.417573664308954,[58;115;185],21.511958
T32,4,14.417573664308954,[58;115;185],21.733290999999998
T32,4,14.417573664308954,[58;115;185],21.842084
T32,4,14.417573664308954,[58;115;185],22.104208
T32,4,14.417573664308954,[58;115;185],21.779959
T32,4,14.417573664308954,[58;115;185],38.046417
T32,4,14.417573664308954,[58;115;185],21.821459
T32,4,14.417573664308954,[58;115;185],22.125042
T32,4,14.417573664308954,[58;115;185],22.086417
T32,4,14.417573664308954,[58;115;185],21.990166
T32,4,14.417573664308954,[58;115;185],21.67625
T32,4,14.417573664308954,[58;115;185],21.769667
T32,4,14.417573664308954,[58;115;185],21.591333000000002
T32,4,14.417573664308954,[58;115;185],21.802791
T32,5,17.301771052816875,[56;114;174;207],33.305833
T32,5,17.301771052816875,[56;114;174;207],33.550709
T32,5,17.301771052816875,[56;114;174;207],34.02875
T32,5,17.301771052816875,[56;114;174;207],33.376334
T32,5,17.301771052816875,[56;114;174;207],33.333041
T32,5,17.301771052816875,[56;114;174;207],32.128707999999996
T32,5,17.301771052816875,[56;114;174;207],32.83575
T32,5,17.301771052816875,[56;114;174;207],32.386334000000005
T32,5,17.301771052816875,[56;114;174;207],32.703
T32,5,17.301771052816875,[56;114;174;207],51.345584
T32,5,17.301771052816875,[56;114;174;207],33.973834000000004
T32,5,17.301771052816875,[56;114;174;207],33.414791
T32,5,17.301771052816875,[56;114;174;207],32.829542000000004
T32,5,17.301771052816875,[56;114;174;207],33.0575
T32,5,17.301771052816875,[56;114;174;207],34.394583
T32,5,17.301771052816875,[56;114;174;207],33.533459
T32,5,17.301771052816875,[56;114;174;207],33.441416000000004
T32,5,17.301771052816875,[56;114;174;207],32.812458
T32,5,17.301771052816875,[56;114;174;207],32.905334
T32,5,17.301771052816875,[56;114;174;207],32.606834
T32,5,17.301771052816875,[56;114;174;207],33.414
T32,5,17.301771052816875,[56;114;174;207],33.171
T32,5,17.301771052816875,[56;114;174;207],33.171541999999995
T32,5,17.301771052816875,[56;114;174;207],33.476958
T32,5,17.301771052816875,[56;114;174;207],32.895832999999996
T32,5,17.301771052816875,[56;114;174;207],33.1615
T32,5,17.301771052816875,[56;114;174;207],33.181166999999995
T32,5,17.301771052816875,[56;114;174;207],33.335084
T32,5,17.301771052816875,[56;114;174;207],32.347874999999995
T32,5,17.301771052816875,[56;114;174;207],32.731791
T62,2,7.955913355730845,[175],15.809332999999999
T62,2,7.955913355730845,[175],11.80525
T62,2,7.955913355730845,[175],11.095209
T62,2,7.955913355730845,[175],10.767291
T62,2,7.955913355730845,[175],10.875667
T62,2,7.955913355730845,[175],10.716625
T62,2,7.955913355730845,[175],11.028333
T62,2,7.955913355730845,[175],10.697750000000001
T62,2,7.955913355730845,[175],10.944959
T62,2,7.955913355730845,[175],10.792417
T62,2,7.955913355730845,[175],10.863084
T62,2,7.955913355730845,[175],10.703000000000001
T62,2,7.955913355730845,[175],10.884667
T62,2,7.955913355730845,[175],10.648
T62,2,7.955913355730845,[175],10.796875
T62,2,7.955913355730845,[175],10.730125
T62,2,7.955913355730845,[175],10.829416
T62,2,7.955913355730845,[175],10.794375
T62,2,7.955913355730845,[175],10.930541999999999
T62,2,7.955913355730845,[175],10.772583000000001
T62,2,7.955913355730845,[175],10.917875
T62,2,7.955913355730845,[175],10.875292
T62,2,7.955913355730845,[175],10.879750000000001
T62,2,7.955913355730845,[175],12.240833
T62,2,7.955913355730845,[175],10.822916
T62,2,7.955913355730845,[175],10.975834
T62,2,7.955913355730845,[175],10.752374999999999
T62,2,7.955913355730845,[175],10.913166
T62,2,7.955913355730845,[175],10.763708000000001
T62,2,7.955913355730845,[175],10.827416
T62,3,11.472976835556217,[120;183],18.35575
T62,3,11.472976835556217,[120;183],18.341292
T62,3,11.472976835556217,[120;183],18.557542
T62,3,11.472976835556217,[120;183],18.603624999999997
T62,3,11.472976835556217,[120;183],18.378667
T62,3,11.472976835556217,[120;183],18.972625
T62,3,11.472976835556217,[120;183],18.518
T62,3,11.472976835556217,[120;183],18.432834
T62,3,11.472976835556217,[120;183],18.7705
T62,3,11.472976835556217,[120;183],18.557750000000002
T62,3,11.472976835556217,[120;183],18.370167
T62,3,11.472976835556217,[120;183],18.471166
T62,3,11.472976835556217,[120;183],18.556333000000002
T62,3,11.472976835556217,[120;183],18.450542
T62,3,11.472976835556217,[120;183],18.4515
T62,3,11.472976835556217,[120;183],18.514666
T62,3,11.472976835556217,[120;183],29.794999999999998
T62,3,11.472976835556217,[120;183],18.704124999999998
T62,3,11.472976835556217,[120;183],18.568208
T62,3,11.472976835556217,[120;183],18.640708999999998
T62,3,11.472976835556217,[120;183],18.409875
T62,3,11.472976835556217,[120;183],18.780749999999998
T62,3,11.472976835556217,[120;183],18.522083000000002
T62,3,11.472976835556217,[120;183],18.560833
T62,3,11.472976835556217,[120;183],18.81625
T62,3,11.472976835556217,[120;183],18.423333
T62,3,11.472976835556217,[120;183],18.528167000000003
T62,3,11.472976835556217,[120;183],18.531459
T62,3,11.472976835556217,[120;183],18.660792
T62,3,11.472976835556217,[120;183],18.4805
T62,4,14.519082257289378,[110;167;213],24.430875
T62,4,14.519082257289378,[110;167;213],24.698458
T62,4,14.519082257289378,[110;167;213],24.50925
T62,4,14.519082257289378,[110;167;213],25.152583
T62,4,14.519082257289378,[110;167;213],24.535375000000002
T62,4,14.519082257289378,[110;167;213],24.316625000000002
T62,4,14.519082257289378,[110;167;213],24.533458
T62,4,14.519082257289378,[110;167;213],24.452292
T62,4,14.519082257289378,[110;167;213],24.480625
T62,4,14.519082257289378,[110;167;213],24.4445
T62,4,14.519082257289378,[110;167;213],24.592
T62,4,14.519082257289378,[110;167;213],24.547125
T62,4,14.519082257289378,[110;167;213],24.650333
T62,4,14.519082257289378,[110;167;213],24.686041999999997
T62,4,14.519082257289378,[110;167;213],24.976875
T62,4,14.519082257289378,[110;167;213],25.233625
T62,4,14.519082257289378,[110;167;213],24.517457999999998
T62,4,14.519082257289378,[110;167;213],24.518917000000002
T62,4,14.519082257289378,[110;167;213],24.432540999999997
T62,4,14.519082257289378,[110;167;213],24.858874999999998
T62,4,14.519082257289378,[110;167;213],24.73825
T62,4,14.519082257289378,[110;167;213],24.474417
T62,4,14.519082257289378,[110;167;213],24.819541
T62,4,14.519082257289378,[110;167;213],24.660583
T62,4,14.519082257289378,[110;167;213],24.690832999999998
T62,4,14.519082257289378,[110;167;213],24.528458999999998
T62,4,14.519082257289378,[110;167;213],24.5075
T62,4,14.519082257289378,[110;167;213],24.424083999999997
T62,4,14.519082257289378,[110;167;213],24.938583
T62,4,14.519082257289378,[110;167;213],25.149125
T62,5,17.40369821655166,[95;134;175;214],31.608417
T62,5,17.40369821655166,[95;134;175;214],31.627541
T62,5,17.40369821655166,[95;134;175;214],31.715124999999997
T62,5,17.40369821655166,[95;134;175;214],32.230333
T62,5,17.40369821655166,[95;134;175;214],31.609208
T62,5,17.40369821655166,[95;134;175;214],31.711542
T62,5,17.40369821655166,[95;134;175;214],31.667374999999996
T62,5,17.40369821655166,[95;134;175;214],31.742667
T62,5,17.40369821655166,[95;134;175;214],31.6775
T62,5,17.40369821655166,[95;134;175;214],32.192083000000004
T62,5,17.40369821655166,[95;134;175;214],32.546334
T62,5,17.40369821655166,[95;134;175;214],32.788208
T62,5,17.40369821655166,[95;134;175;214],32.842708
T62,5,17.40369821655166,[95;134;175;214],31.515334
T62,5,17.40369821655166,[95;134;175;214],31.744042
T62,5,17.40369821655166,[95;134;175;214],31.732125
T62,5,17.40369821655166,[95;134;175;214],32.7455
T62,5,17.40369821655166,[95;134;175;214],31.672416000000002
T62,5,17.40369821655166,[95;134;175;214],31.654208000000004
T62,5,17.40369821655166,[95;134;175;214],32.337583
T62,5,17.40369821655166,[95;134;175;214],31.751875
T62,5,17.40369821655166,[95;134;175;214],31.825125000000003
T62,5,17.40369821655166,[95;134;175;214],31.678207999999998
T62,5,17.40369821655166,[95;134;175;214],31.826541
T62,5,17.40369821655166,[95;134;175;214],31.600792000000002
T62,5,17.40369821655166,[95;134;175;214],31.721958
T62,5,17.40369821655166,[95;134;175;214],31.710333
T62,5,17.40369821655166,[95;134;175;214],31.868916999999996
T62,5,17.40369821655166,[95;134;175;214],31.895791
T62,5,17.40369821655166,[95;134;175;214],32.662499999999994
T42,2,7.84525091896853,[169],14.106917
T42,2,7.84525091896853,[169],11.032791
T42,2,7.84525091896853,[169],10.30675
T42,2,7.84525091896853,[169],10.056000000000001
T42,2,7.84525091896853,[169],10.245375
T42,2,7.84525091896853,[169],10.312417
T42,2,7.84525091896853,[169],10.103833
T42,2,7.84525091896853,[169],10.221957999999999
T42,2,7.84525091896853,[169],10.106499999999999
T42,2,7.84525091896853,[169],10.187292000000001
T42,2,7.84525091896853,[169],10.054250000000001
T42,2,7.84525091896853,[169],10.170208
T42,2,7.84525091896853,[169],10.214457999999999
T42,2,7.84525091896853,[169],10.164042
T42,2,7.84525091896853,[169],10.146625
T42,2,7.84525091896853,[169],10.065541000000001
T42,2,7.84525091896853,[169],10.195667
T42,2,7.84525091896853,[169],10.117125
T42,2,7.84525091896853,[169],10.274417
T42,2,7.84525091896853,[169],10.2185
T42,2,7.84525091896853,[169],10.178583
T42,2,7.84525091896853,[169],10.098083
T42,2,7.84525091896853,[169],10.002375
T42,2,7.84525091896853,[169],10.193916000000002
T42,2,7.84525091896853,[169],10.033292
T42,2,7.84525091896853,[169],10.157792
T42,2,7.84525091896853,[169],10.209624999999999
T42,2,7.84525091896853,[169],10.176917000000001
T42,2,7.84525091896853,[169],10.219833
T42,2,7.84525091896853,[169],10.104167
T42,3,11.494069390644473,[112;182],26.420375
T42,3,11.494069390644473,[112;182],16.062125
T42,3,11.494069390644473,[112;182],15.964083
T42,3,11.494069390644473,[112;182],16.151042
T42,3,11.494069390644473,[112;182],16.125500000000002
T42,3,11.494069390644473,[112;182],16.222709
T42,3,11.494069390644473,[112;182],16.193165999999998
T42,3,11.494069390644473,[112;182],16.629250000000003
T42,3,11.494069390644473,[112;182],16.164624999999997
T42,3,11.494069390644473,[112;182],16.432208
T42,3,11.494069390644473,[112;182],16.10325
T42,3,11.494069390644473,[112;182],16.081541
T42,3,11.494069390644473,[112;182],16.130291
T42,3,11.494069390644473,[112;182],16.305375
T42,3,11.494069390644473,[112;182],16.048625
T42,3,11.494069390644473,[112;182],16.057208
T42,3,11.494069390644473,[112;182],16.104457999999997
T42,3,11.494069390644473,[112;182],15.9125
T42,3,11.494069390644473,[112;182],16.032999999999998
T42,3,11.494069390644473,[112;182],16.062791999999998
T42,3,11.494069390644473,[112;182],16.185791000000002
T42,3,11.494069390644473,[112;182],16.050583
T42,3,11.494069390644473,[112;182],15.962250000000001
T42,3,11.494069390644473,[112;182],16.179416
T42,3,11.494069390644473,[112;182],16.159208
T42,3,11.494069390644473,[112;182],16.132875000000002
T42,3,11.494069390644473,[112;182],16.004583
T42,3,11.494069390644473,[112;182],16.052125
T42,3,11.494069390644473,[112;182],16.011792
T42,3,11.494069390644473,[112;182],15.851084000000002
T42,4,14.465432341137767,[83;130;183],22.579874999999998
T42,4,14.465432341137767,[83;130;183],22.569791
T42,4,14.465432341137767,[83;130;183],22.687124999999998
T42,4,14.465432341137767,[83;130;183],22.711499999999997
T42,4,14.465432341137767,[83;130;183],22.637917
T42,4,14.465432341137767,[83;130;183],22.738333
T42,4,14.465432341137767,[83;130;183],22.65725
T42,4,14.465432341137767,[83;130;183],22.985959
T42,4,14.465432341137767,[83;130;183],22.970083
T42,4,14.465432341137767,[83;130;183],22.508917
T42,4,14.465432341137767,[83;130;183],22.596334
T42,4,14.465432341137767,[83;130;183],22.613625
T42,4,14.465432341137767,[83;130;183],23.310416
T42,4,14.465432341137767,[83;130;183],22.844875000000002
T42,4,14.465432341137767,[83;130;183],22.627833
T42,4,14.465432341137767,[83;130;183],22.734125000000002
T42,4,14.465432341137767,[83;130;183],30.958916
T42,4,14.465432341137767,[83;130;183],22.568125000000002
T42,4,14.465432341137767,[83;130;183],22.567166999999998
T42,4,14.465432341137767,[83;130;183],22.689667
T42,4,14.465432341137767,[83;130;183],22.799
T42,4,14.465432341137767,[83;130;183],23.198916999999998
T42,4,14.465432341137767,[83;130;183],22.669
T42,4,14.465432341137767,[83;130;183],22.712042
T42,4,14.465432341137767,[83;130;183],22.6285
T42,4,14.465432341137767,[83;130;183],22.703833
T42,4,14.465432341137767,[83;130;183],22.667292
T42,4,14.465432341137767,[83;130;183],22.748792
T42,4,14.465432341137767,[83;130;183],23.429875
T42,4,14.465432341137767,[83;130;183],23.615916000000002
T42,5,17.33994747806333,[75;120;169;210],55.005167
T42,5,17.33994747806333,[75;120;169;210],55.282917
T42,5,17.33994747806333,[75;120;169;210],57.180542
T42,5,17.33994747806333,[75;120;169;210],55.168667
T42,5,17.33994747806333,[75;120;169;210],55.001541
T42,5,17.33994747806333,[75;120;169;210],55.068459
T42,5,17.33994747806333,[75;120;169;210],55.339375000000004
T42,5,17.33994747806333,[75;120;169;210],55.167333
T42,5,17.33994747806333,[75;120;169;210],55.202833
T42,5,17.33994747806333,[75;120;169;210],55.125792
T42,5,17.33994747806333,[75;120;169;210],57.666541
T42,5,17.33994747806333,[75;120;169;210],57.26575
T42,5,17.33994747806333,[75;120;169;210],56.389375
T42,5,17.33994747806333,[75;120;169;210],55.08779199999999
T42,5,17.33994747806333,[75;120;169;210],55.119333
T42,5,17.33994747806333,[75;120;169;210],55.224000000000004
T42,5,17.33994747806333,[75;120;169;210],57.500583
T42,5,17.33994747806333,[75;120;169;210],56.338625
T42,5,17.33994747806333,[75;120;169;210],56.279999999999994
T42,5,17.33994747806333,[75;120;169;210],55.029
T42,5,17.33994747806333,[75;120;169;210],54.967542
T42,5,17.33994747806333,[75;120;169;210],54.733833000000004
T42,5,17.33994747806333,[75;120;169;210],56.106875
T42,5,17.33994747806333,[75;120;169;210],55.395417
T42,5,17.33994747806333,[75;120;169;210],55.400541999999994
T42,5,17.33994747806333,[75;120;169;210],55.420249999999996
T42,5,17.33994747806333,[75;120;169;210],55.225584
T42,5,17.33994747806333,[75;120;169;210],55.994541000000005
T42,5,17.33994747806333,[75;120;169;210],55.504917
T42,5,17.33994747806333,[75;120;169;210],55.074084
T52,2,7.850794240900359,[179],12.656084
T52,2,7.850794240900359,[179],19.827958
T52,2,7.850794240900359,[179],9.515792000000001
T52,2,7.850794240900359,[179],9.452167
T52,2,7.850794240900359,[179],9.363
T52,2,7.850794240900359,[179],9.490916
T52,2,7.850794240900359,[179],9.443750000000001
T52,2,7.850794240900359,[179],9.368708
T52,2,7.850794240900359,[179],9.567333000000001
T52,2,7.850794240900359,[179],9.476541999999998
T52,2,7.850794240900359,[179],9.386334
T52,2,7.850794240900359,[179],9.582500000000001
T52,2,7.850794240900359,[179],9.361542
T52,2,7.850794240900359,[179],9.483042000000001
T52,2,7.850794240900359,[179],9.469292000000001
T52,2,7.850794240900359,[179],9.424333
T52,2,7.850794240900359,[179],9.580207999999999
T52,2,7.850794240900359,[179],9.522667
T52,2,7.850794240900359,[179],9.443791
T52,2,7.850794240900359,[179],9.542083
T52,2,7.850794240900359,[179],9.413084
T52,2,7.850794240900359,[179],9.304124999999999
T52,2,7.850794240900359,[179],9.540875000000002
T52,2,7.850794240900359,[179],9.522833
T52,2,7.850794240900359,[179],9.356333
T52,2,7.850794240900359,[179],9.464042000000001
T52,2,7.850794240900359,[179],9.385709
T52,2,7.850794240900359,[179],9.399332999999999
T52,2,7.850794240900359,[179],9.406917
T52,2,7.850794240900359,[179],9.353334
T52,3,11.389231201302522,[118;181],16.983416000000002
T52,3,11.389231201302522,[118;181],16.832917
T52,3,11.389231201302522,[118;181],16.809125
T52,3,11.389231201302522,[118;181],16.722084000000002
T52,3,11.389231201302522,[118;181],27.515292
T52,3,11.389231201302522,[118;181],16.935
T52,3,11.389231201302522,[118;181],16.701583
T52,3,11.389231201302522,[118;181],16.965958
T52,3,11.389231201302522,[118;181],17.542166
T52,3,11.389231201302522,[118;181],16.854125
T52,3,11.389231201302522,[118;181],17.201625
T52,3,11.389231201302522,[118;181],17.121333999999997
T52,3,11.389231201302522,[118;181],16.971957999999997
T52,3,11.389231201302522,[118;181],16.857916
T52,3,11.389231201302522,[118;181],16.865334
T52,3,11.389231201302522,[118;181],16.88925
T52,3,11.389231201302522,[118;181],16.824749999999998
T52,3,11.389231201302522,[118;181],16.751292
T52,3,11.389231201302522,[118;181],16.826166999999998
T52,3,11.389231201302522,[118;181],16.847082999999998
T52,3,11.389231201302522,[118;181],17.124958
T52,3,11.389231201302522,[118;181],16.848584
T52,3,11.389231201302522,[118;181],16.833125000000003
T52,3,11.389231201302522,[118;181],16.774625
T52,3,11.389231201302522,[118;181],16.904
T52,3,11.389231201302522,[118;181],17.134083
T52,3,11.389231201302522,[118;181],17.258208
T52,3,11.389231201302522,[118;181],16.911542
T52,3,11.389231201302522,[118;181],17.218666
T52,3,11.389231201302522,[118;181],16.832625
T52,4,14.442298483727077,[112;167;204],21.719875
T52,4,14.442298483727077,[112;167;204],21.749750000000002
T52,4,14.442298483727077,[112;167;204],21.564792
T52,4,14.442298483727077,[112;167;204],21.475834
T52,4,14.442298483727077,[112;167;204],21.65075
T52,4,14.442298483727077,[112;167;204],21.547083
T52,4,14.442298483727077,[112;167;204],22.378
T52,4,14.442298483727077,[112;167;204],22.689999999999998
T52,4,14.442298483727077,[112;167;204],22.572249999999997
T52,4,14.442298483727077,[112;167;204],22.465833
T52,4,14.442298483727077,[112;167;204],22.569125
T52,4,14.442298483727077,[112;167;204],21.791083
T52,4,14.442298483727077,[112;167;204],21.948667
T52,4,14.442298483727077,[112;167;204],22.083041
T52,4,14.442298483727077,[112;167;204],21.428167000000002
T52,4,14.442298483727077,[112;167;204],22.522667
T52,4,14.442298483727077,[112;167;204],22.531084
T52,4,14.442298483727077,[112;167;204],21.709958
T52,4,14.442298483727077,[112;167;204],22.486958
T52,4,14.442298483727077,[112;167;204],32.636083000000006
T52,4,14.442298483727077,[112;167;204],21.572292
T52,4,14.442298483727077,[112;167;204],22.268041
T52,4,14.442298483727077,[112;167;204],21.526125
T52,4,14.442298483727077,[112;167;204],21.538125
T52,4,14.442298483727077,[112;167;204],21.560917
T52,4,14.442298483727077,[112;167;204],21.936167
T52,4,14.442298483727077,[112;167;204],22.33775
T52,4,14.442298483727077,[112;167;204],22.431666999999997
T52,4,14.442298483727077,[112;167;204],21.714209
T52,4,14.442298483727077,[112;167;204],21.530375
T52,5,17.29806710342079,[91;129;170;205],25.444584
T52,5,17.29806710342079,[91;129;170;205],25.691958
T52,5,17.29806710342079,[91;129;170;205],25.999875
T52,5,17.29806710342079,[91;129;170;205],25.59225
T52,5,17.29806710342079,[91;129;170;205],25.669916
T52,5,17.29806710342079,[91;129;170;205],25.421292
T52,5,17.29806710342079,[91;129;170;205],25.492125
T52,5,17.29806710342079,[91;129;170;205],25.425041999999998
T52,5,17.29806710342079,[91;129;170;205],26.610458
T52,5,17.29806710342079,[91;129;170;205],26.651667
T52,5,17.29806710342079,[91;129;170;205],26.634999999999998
T52,5,17.29806710342079,[91;129;170;205],35.662375000000004
T52,5,17.29806710342079,[91;129;170;205],26.489458
T52,5,17.29806710342079,[91;129;170;205],26.374499999999998
T52,5,17.29806710342079,[91;129;170;205],25.381416
T52,5,17.29806710342079,[91;129;170;205],25.214333
T52,5,17.29806710342079,[91;129;170;205],25.348209
T52,5,17.29806710342079,[91;129;170;205],25.532458000000002
T52,5,17.29806710342079,[91;129;170;205],25.347917000000002
T52,5,17.29806710342079,[91;129;170;205],25.377833
T52,5,17.29806710342079,[91;129;170;205],26.305208
T52,5,17.29806710342079,[91;129;170;205],25.381916
T52,5,17.29806710342079,[91;129;170;205],25.37125
T52,5,17.29806710342079,[91;129;170;205],25.252167
T52,5,17.29806710342079,[91;129;170;205],25.370791
T52,5,17.29806710342079,[91;129;170;205],25.296
T52,5,17.29806710342079,[91;129;170;205],25.364583
T52,5,17.29806710342079,[91;129;170;205],25.705665999999997
T52,5,17.29806710342079,[91;129;170;205],26.567291
T52,5,17.29806710342079,[91;129;170;205],25.302458
T22,2,7.543515216401641,[174],11.090208
T22,2,7.543515216401641,[174],8.343541
T22,2,7.543515216401641,[174],7.344291999999999
T22,2,7.543515216401641,[174],7.037375
T22,2,7.543515216401641,[174],7.108667
T22,2,7.543515216401641,[174],7.171167
T22,2,7.543515216401641,[174],7.220917
T22,2,7.543515216401641,[174],7.078416
T22,2,7.543515216401641,[174],7.044333
T22,2,7.543515216401641,[174],7.111417
T22,2,7.543515216401641,[174],7.1761669999999995
T22,2,7.543515216401641,[174],7.285
T22,2,7.543515216401641,[174],7.0356250000000005
T22,2,7.543515216401641,[174],7.06925
T22,2,7.543515216401641,[174],7.09175
T22,2,7.543515216401641,[174],7.301832999999999
T22,2,7.543515216401641,[174],7.158042
T22,2,7.543515216401641,[174],7.023084
T22,2,7.543515216401641,[174],7.026417
T22,2,7.543515216401641,[174],7.1249579999999995
T22,2,7.543515216401641,[174],7.1335
T22,2,7.543515216401641,[174],7.157458
T22,2,7.543515216401641,[174],7.041292
T22,2,7.543515216401641,[174],7.113625
T22,2,7.543515216401641,[174],6.99375
T22,2,7.543515216401641,[174],7.241709
T22,2,7.543515216401641,[174],7.154332999999999
T22,2,7.543515216401641,[174],7.041791000000001
T22,2,7.543515216401641,[174],7.106666000000001
T22,2,7.543515216401641,[174],7.232749999999999
T22,3,11.16046044590155,[95;174],10.187334
T22,3,11.16046044590155,[95;174],10.264083
T22,3,11.16046044590155,[95;174],10.2605
T22,3,11.16046044590155,[95;174],10.000959
T22,3,11.16046044590155,[95;174],9.971667
T22,3,11.16046044590155,[95;174],9.937790999999999
T22,3,11.16046044590155,[95;174],10.295041
T22,3,11.16046044590155,[95;174],10.072792
T22,3,11.16046044590155,[95;174],10.035499999999999
T22,3,11.16046044590155,[95;174],9.937625
T22,3,11.16046044590155,[95;174],10.033459
T22,3,11.16046044590155,[95;174],10.104040999999999
T22,3,11.16046044590155,[95;174],10.26875
T22,3,11.16046044590155,[95;174],10.171542
T22,3,11.16046044590155,[95;174],10.280208
T22,3,11.16046044590155,[95;174],10.364459
T22,3,11.16046044590155,[95;174],9.931416
T22,3,11.16046044590155,[95;174],9.992584
T22,3,11.16046044590155,[95;174],9.975833999999999
T22,3,11.16046044590155,[95;174],10.061834000000001
T22,3,11.16046044590155,[95;174],10.189625000000001
T22,3,11.16046044590155,[95;174],10.246500000000001
T22,3,11.16046044590155,[95;174],10.130833
T22,3,11.16046044590155,[95;174],10.2705
T22,3,11.16046044590155,[95;174],9.996708
T22,3,11.16046044590155,[95;174],10.007583
T22,3,11.16046044590155,[95;174],10.061833
T22,3,11.16046044590155,[95;174],9.956542
T22,3,11.16046044590155,[95;174],10.033333
T22,3,11.16046044590155,[95;174],10.06625
T22,4,14.306798370815985,[61;115;178],22.468458000000002
T22,4,14.306798370815985,[61;115;178],22.461167
T22,4,14.306798370815985,[61;115;178],26.296708
T22,4,14.306798370815985,[61;115;178],22.293292
T22,4,14.306798370815985,[61;115;178],22.663542
T22,4,14.306798370815985,[61;115;178],23.411499999999997
T22,4,14.306798370815985,[61;115;178],22.258542
T22,4,14.306798370815985,[61;115;178],22.961125
T22,4,14.306798370815985,[61;115;178],22.502000000000002
T22,4,14.306798370815985,[61;115;178],22.850041
T22,4,14.306798370815985,[61;115;178],23.338250000000002
T22,4,14.306798370815985,[61;115;178],23.496959
T22,4,14.306798370815985,[61;115;178],23.091583999999997
T22,4,14.306798370815985,[61;115;178],22.901874999999997
T22,4,14.306798370815985,[61;115;178],23.548167
T22,4,14.306798370815985,[61;115;178],23.599541000000002
T22,4,14.306798370815985,[61;115;178],22.316417
T22,4,14.306798370815985,[61;115;178],22.317333
T22,4,14.306798370815985,[61;115;178],23.239165999999997
T22,4,14.306798370815985,[61;115;178],22.503667
T22,4,14.306798370815985,[61;115;178],22.489792
T22,4,14.306798370815985,[61;115;178],22.31675
T22,4,14.306798370815985,[61;115;178],22.898667
T22,4,14.306798370815985,[61;115;178],26.690458
T22,4,14.306798370815985,[61;115;178],22.434083
T22,4,14.306798370815985,[61;115;178],22.432917
T22,4,14.306798370815985,[61;115;178],22.471958
T22,4,14.306798370815985,[61;115;178],22.528291
T22,4,14.306798370815985,[61;115;178],22.697458
T22,4,14.306798370815985,[61;115;178],22.572333999999998
T22,5,17.139781292307866,[57;107;158;189],26.61825
T22,5,17.139781292307866,[57;107;158;189],26.822833
T22,5,17.139781292307866,[57;107;158;189],27.292875000000002
T22,5,17.139781292307866,[57;107;158;189],26.727959
T22,5,17.139781292307866,[57;107;158;189],27.853833
T22,5,17.139781292307866,[57;107;158;189],27.73025
T22,5,17.139781292307866,[57;107;158;189],26.681875
T22,5,17.139781292307866,[57;107;158;189],26.876458999999997
T22,5,17.139781292307866,[57;107;158;189],26.949333
T22,5,17.139781292307866,[57;107;158;189],27.29575
T22,5,17.139781292307866,[57;107;158;189],26.795792
T22,5,17.139781292307866,[57;107;158;189],27.181375
T22,5,17.139781292307866,[57;107;158;189],26.742292
T22,5,17.139781292307866,[57;107;158;189],26.818209
T22,5,17.139781292307866,[57;107;158;189],37.468042
T22,5,17.139781292307866,[57;107;158;189],26.838084000000002
T22,5,17.139781292307866,[57;107;158;189],26.913249999999998
T22,5,17.139781292307866,[57;107;158;189],26.842709
T22,5,17.139781292307866,[57;107;158;189],26.915833
T22,5,17.139781292307866,[57;107;158;189],26.938958999999997
T22,5,17.139781292307866,[57;107;158;189],27.031041
T22,5,17.139781292307866,[57;107;158;189],26.773292
T22,5,17.139781292307866,[57;107;158;189],26.689125
T22,5,17.139781292307866,[57;107;158;189],26.831625000000003
T22,5,17.139781292307866,[57;107;158;189],27.105667
T22,5,17.139781292307866,[57;107;158;189],27.513958000000002
T22,5,17.139781292307866,[57;107;158;189],26.881708
T22,5,17.139781292307866,[57;107;158;189],26.838291
T22,5,17.139781292307866,[57;107;158;189],27.279625
T22,5,17.139781292307866,[57;107;158;189],26.982084
T32,2,7.718929925587214,[185],10.923458
T32,2,7.718929925587214,[185],8.880333
T32,2,7.718929925587214,[185],8.399334
T32,2,7.718929925587214,[185],8.44225
T32,2,7.718929925587214,[185],8.44525
T32,2,7.718929925587214,[185],8.292333000000001
T32,2,7.718929925587214,[185],8.246540999999999
T32,2,7.718929925587214,[185],8.408959000000001
T32,2,7.718929925587214,[185],8.4755
T32,2,7.718929925587214,[185],8.248125
T32,2,7.718929925587214,[185],8.413041
T32,2,7.718929925587214,[185],8.331
T32,2,7.718929925587214,[185],8.247542
T32,2,7.718929925587214,[185],8.372375
T32,2,7.718929925587214,[185],8.551417
T32,2,7.718929925587214,[185],8.387
T32,2,7.718929925587214,[185],8.356292
T32,2,7.718929925587214,[185],8.429334
T32,2,7.718929925587214,[185],8.546708
T32,2,7.718929925587214,[185],8.392916
T32,2,7.718929925587214,[185],8.5165
T32,2,7.718929925587214,[185],8.645334
T32,2,7.718929925587214,[185],8.530959
T32,2,7.718929925587214,[185],8.288583000000001
T32,2,7.718929925587214,[185],8.544917000000002
T32,2,7.718929925587214,[185],8.349458
T32,2,7.718929925587214,[185],8.255417
T32,2,7.718929925587214,[185],8.280959
T32,2,7.718929925587214,[185],8.545584
T32,2,7.718929925587214,[185],8.534958
T32,3,11.365793289015222,[110;185],10.746417
T32,3,11.365793289015222,[110;185],10.548625000000001
T32,3,11.365793289015222,[110;185],10.575375
T32,3,11.365793289015222,[110;185],10.839500000000001
T32,3,11.365793289015222,[110;185],10.891209
T32,3,11.365793289015222,[110;185],11.004125
T32,3,11.365793289015222,[110;185],10.883458000000001
T32,3,11.365793289015222,[110;185],10.978292
T32,3,11.365793289015222,[110;185],10.768084
T32,3,11.365793289015222,[110;185],10.685125
T32,3,11.365793289015222,[110;185],10.781541
T32,3,11.365793289015222,[110;185],10.7745
T32,3,11.365793289015222,[110;185],10.628625
T32,3,11.365793289015222,[110;185],10.553999999999998
T32,3,11.365793289015222,[110;185],10.700958
T32,3,11.365793289015222,[110;185],10.689167
T32,3,11.365793289015222,[110;185],10.639790999999999
T32,3,11.365793289015222,[110;185],10.587833
T32,3,11.365793289015222,[110;185],10.680833
T32,3,11.365793289015222,[110;185],10.930083
T32,3,11.365793289015222,[110;185],10.534292
T32,3,11.365793289015222,[110;185],10.760333000000001
T32,3,11.365793289015222,[110;185],10.682041
T32,3,11.365793289015222,[110;185],10.8255
T32,3,11.365793289015222,[110;185],10.75275
T32,3,11.365793289015222,[110;185],10.551417
T32,3,11.365793289015222,[110;185],10.671833000000001
T32,3,11.365793289015222,[110;185],11.074583
T32,3,11.365793289015222,[110;185],10.869041
T32,3,11.365793289015222,[110;185],10.588000000000001
T32,4,14.417573664308954,[58;115;185],31.215291999999998
T32,4,14.417573664308954,[58;115;185],21.771583
T32,4,14.417573664308954,[58;115;185],21.028042
T32,4,14.417573664308954,[58;115;185],20.733125
T32,4,14.417573664308954,[58;115;185],21.395541
T32,4,14.417573664308954,[58;115;185],21.58325
T32,4,14.417573664308954,[58;115;185],21.727166999999998
T32,4,14.417573664308954,[58;115;185],21.039584
T32,4,14.417573664308954,[58;115;185],20.718791
T32,4,14.417573664308954,[58;115;185],20.680875
T32,4,14.417573664308954,[58;115;185],20.601083
T32,4,14.417573664308954,[58;115;185],21.186833
T32,4,14.417573664308954,[58;115;185],20.749875
T32,4,14.417573664308954,[58;115;185],20.661291
T32,4,14.417573664308954,[58;115;185],20.750500000000002
T32,4,14.417573664308954,[58;115;185],21.54775
T32,4,14.417573664308954,[58;115;185],21.731917
T32,4,14.417573664308954,[58;115;185],21.500875
T32,4,14.417573664308954,[58;115;185],20.958042
T32,4,14.417573664308954,[58;115;185],20.686208
T32,4,14.417573664308954,[58;115;185],20.76925
T32,4,14.417573664308954,[58;115;185],31.096916
T32,4,14.417573664308954,[58;115;185],21.720375
T32,4,14.417573664308954,[58;115;185],21.446291
T32,4,14.417573664308954,[58;115;185],20.908625
T32,4,14.417573664308954,[58;115;185],20.659582999999998
T32,4,14.417573664308954,[58;115;185],20.824375
T32,4,14.417573664308954,[58;115;185],20.8425
T32,4,14.417573664308954,[58;115;185],20.707875
T32,4,14.417573664308954,[58;115;185],21.241833000000003
T32,5,17.301771052816875,[56;114;174;207],31.627166
T32,5,17.301771052816875,[56;114;174;207],32.227708
T32,5,17.301771052816875,[56;114;174;207],31.581125
T32,5,17.301771052816875,[56;114;174;207],31.910791
T32,5,17.301771052816875,[56;114;174;207],33.102041
T32,5,17.301771052816875,[56;114;174;207],31.553959
T32,5,17.301771052816875,[56;114;174;207],32.686875
T32,5,17.301771052816875,[56;114;174;207],31.541542
T32,5,17.301771052816875,[56;114;174;207],33.060792
T32,5,17.301771052816875,[56;114;174;207],33.074708
T32,5,17.301771052816875,[56;114;174;207],32.155584
T32,5,17.301771052816875,[56;114;174;207],33.160292
T32,5,17.301771052816875,[56;114;174;207],31.476999999999997
T32,5,17.301771052816875,[56;114;174;207],42.031292
T32,5,17.301771052816875,[56;114;174;207],31.815583
T32,5,17.301771052816875,[56;114;174;207],31.794458999999996
T32,5,17.301771052816875,[56;114;174;207],31.746292000000004
T32,5,17.301771052816875,[56;114;174;207],31.72825
T32,5,17.301771052816875,[56;114;174;207],31.671791999999996
T32,5,17.301771052816875,[56;114;174;207],31.838584000000004
T32,5,17.301771052816875,[56;114;174;207],31.585457999999996
T32,5,17.301771052816875,[56;114;174;207],33.221709000000004
T32,5,17.301771052816875,[56;114;174;207],33.212958
T32,5,17.301771052816875,[56;114;174;207],32.187042
T32,5,17.301771052816875,[56;114;174;207],31.736208
T32,5,17.301771052816875,[56;114;174;207],32.640292
T32,5,17.301771052816875,[56;114;174;207],31.497417
T32,5,17.301771052816875,[56;114;174;207],31.950375000000005
T32,5,17.301771052816875,[56;114;174;207],31.638708
T32,5,17.301771052816875,[56;114;174;207],32.359
T62,2,7.955913355730845,[175],15.954584
T62,2,7.955913355730845,[175],12.104666
T62,2,7.955913355730845,[175],10.989625
T62,2,7.955913355730845,[175],11.686958
T62,2,7.955913355730845,[175],11.2665
T62,2,7.955913355730845,[175],11.236333
T62,2,7.955913355730845,[175],10.919292
T62,2,7.955913355730845,[175],11.488291
T62,2,7.955913355730845,[175],11.130374999999999
T62,2,7.955913355730845,[175],10.877416
T62,2,7.955913355730845,[175],10.907625000000001
T62,2,7.955913355730845,[175],10.908
T62,2,7.955913355730845,[175],11.610791
T62,2,7.955913355730845,[175],11.033292
T62,2,7.955913355730845,[175],10.814
T62,2,7.955913355730845,[175],11.021167
T62,2,7.955913355730845,[175],11.002375
T62,2,7.955913355730845,[175],11.019957999999999
T62,2,7.955913355730845,[175],11.0905
T62,2,7.955913355730845,[175],11.037082999999999
T62,2,7.955913355730845,[175],12.258916999999999
T62,2,7.955913355730845,[175],11.396375
T62,2,7.955913355730845,[175],10.901582999999999
T62,2,7.955913355730845,[175],10.912833000000001
T62,2,7.955913355730845,[175],11.041958
T62,2,7.955913355730845,[175],11.388208
T62,2,7.955913355730845,[175],10.980125000000001
T62,2,7.955913355730845,[175],11.017916000000001
T62,2,7.955913355730845,[175],22.594291
T62,2,7.955913355730845,[175],11.151542000000001
T62,3,11.472976835556217,[120;183],18.752167
T62,3,11.472976835556217,[120;183],18.690958000000002
T62,3,11.472976835556217,[120;183],18.868125
T62,3,11.472976835556217,[120;183],18.937459
T62,3,11.472976835556217,[120;183],19.963416000000002
T62,3,11.472976835556217,[120;183],19.297
T62,3,11.472976835556217,[120;183],18.836417
T62,3,11.472976835556217,[120;183],18.739874999999998
T62,3,11.472976835556217,[120;183],18.910166999999998
T62,3,11.472976835556217,[120;183],19.118875
T62,3,11.472976835556217,[120;183],18.786375
T62,3,11.472976835556217,[120;183],18.880834
T62,3,11.472976835556217,[120;183],19.040875
T62,3,11.472976835556217,[120;183],18.906083
T62,3,11.472976835556217,[120;183],19.285083
T62,3,11.472976835556217,[120;183],19.360958
T62,3,11.472976835556217,[120;183],18.762209
T62,3,11.472976835556217,[120;183],19.252625
T62,3,11.472976835556217,[120;183],18.816375
T62,3,11.472976835556217,[120;183],18.621584
T62,3,11.472976835556217,[120;183],18.538417000000003
T62,3,11.472976835556217,[120;183],19.037417
T62,3,11.472976835556217,[120;183],19.313875
T62,3,11.472976835556217,[120;183],18.816667
T62,3,11.472976835556217,[120;183],18.6795
T62,3,11.472976835556217,[120;183],18.612833
T62,3,11.472976835556217,[120;183],19.063042
T62,3,11.472976835556217,[120;183],18.935333
T62,3,11.472976835556217,[120;183],18.8715
T62,3,11.472976835556217,[120;183],18.880625000000002
T62,4,14.519082257289378,[110;167;213],24.651542
T62,4,14.519082257289378,[110;167;213],25.7165
T62,4,14.519082257289378,[110;167;213],25.458458999999998
T62,4,14.519082257289378,[110;167;213],25.012957999999998
T62,4,14.519082257289378,[110;167;213],25.478542
T62,4,14.519082257289378,[110;167;213],25.694292
T62,4,14.519082257289378,[110;167;213],25.390167
T62,4,14.519082257289378,[110;167;213],25.44575
T62,4,14.519082257289378,[110;167;213],24.84325
T62,4,14.519082257289378,[110;167;213],35.573458
T62,4,14.519082257289378,[110;167;213],25.337458
T62,4,14.519082257289378,[110;167;213],25.690250000000002
T62,4,14.519082257289378,[110;167;213],25.100042
T62,4,14.519082257289378,[110;167;213],24.89875
T62,4,14.519082257289378,[110;167;213],25.229834
T62,4,14.519082257289378,[110;167;213],24.796166000000003
T62,4,14.519082257289378,[110;167;213],25.842125
T62,4,14.519082257289378,[110;167;213],24.638125
T62,4,14.519082257289378,[110;167;213],25.153167
T62,4,14.519082257289378,[110;167;213],25.621333999999997
T62,4,14.519082257289378,[110;167;213],25.984084
T62,4,14.519082257289378,[110;167;213],25.14725
T62,4,14.519082257289378,[110;167;213],25.254458
T62,4,14.519082257289378,[110;167;213],24.78725
T62,4,14.519082257289378,[110;167;213],25.121792
T62,4,14.519082257289378,[110;167;213],25.584208
T62,4,14.519082257289378,[110;167;213],24.794083
T62,4,14.519082257289378,[110;167;213],24.555666
T62,4,14.519082257289378,[110;167;213],25.576625
T62,4,14.519082257289378,[110;167;213],25.437624999999997
T62,5,17.40369821655166,[95;134;175;214],32.461
T62,5,17.40369821655166,[95;134;175;214],31.870416
T62,5,17.40369821655166,[95;134;175;214],34.432167
T62,5,17.40369821655166,[95;134;175;214],32.385333
T62,5,17.40369821655166,[95;134;175;214],33.209333
T62,5,17.40369821655166,[95;134;175;214],32.255333
T62,5,17.40369821655166,[95;134;175;214],33.148959
T62,5,17.40369821655166,[95;134;175;214],32.263583
T62,5,17.40369821655166,[95;134;175;214],32.528
T62,5,17.40369821655166,[95;134;175;214],32.612292000000004
T62,5,17.40369821655166,[95;134;175;214],33.744791000000006
T62,5,17.40369821655166,[95;134;175;214],32.908083
T62,5,17.40369821655166,[95;134;175;214],32.608208
T62,5,17.40369821655166,[95;134;175;214],32.456084000000004
T62,5,17.40369821655166,[95;134;175;214],32.008458
T62,5,17.40369821655166,[95;134;175;214],32.356
T62,5,17.40369821655166,[95;134;175;214],31.642583000000002
T62,5,17.40369821655166,[95;134;175;214],32.485791
T62,5,17.40369821655166,[95;134;175;214],32.890708
T62,5,17.40369821655166,[95;134;175;214],32.525292
T62,5,17.40369821655166,[95;134;175;214],46.006625
T62,5,17.40369821655166,[95;134;175;214],32.170790999999994
T62,5,17.40369821655166,[95;134;175;214],34.996334
T62,5,17.40369821655166,[95;134;175;214],33.268333
T62,5,17.40369821655166,[95;134;175;214],34.04825
T62,5,17.40369821655166,[95;134;175;214],32.510083
T62,5,17.40369821655166,[95;134;175;214],33.060041999999996
T62,5,17.40369821655166,[95;134;175;214],33.324082999999995
T62,5,17.40369821655166,[95;134;175;214],33.954125000000005
T62,5,17.40369821655166,[95;134;175;214],33.641749999999995
images,2,9.008622216131442,[147],9.541583
images,2,9.008622216131442,[147],9.165375
images,2,9.008622216131442,[147],9.154583
images,2,9.008622216131442,[147],9.246333
images,2,9.008622216131442,[147],9.287208
images,2,9.008622216131442,[147],9.160083
images,2,9.008622216131442,[147],9.197125
images,2,9.008622216131442,[147],9.181417000000001
images,2,9.008622216131442,[147],9.169542
images,2,9.008622216131442,[147],9.168291
images,2,9.008622216131442,[147],9.158625
images,2,9.008622216131442,[147],9.250708999999999
images,2,9.008622216131442,[147],9.237125
images,2,9.008622216131442,[147],9.211084
images,2,9.008622216131442,[147],9.156208000000001
images,2,9.008622216131442,[147],9.181875000000002
images,2,9.008622216131442,[147],9.188459
images,2,9.008622216131442,[147],9.132083
images,2,9.008622216131442,[147],9.187875
images,2,9.008622216131442,[147],9.177167
images,2,9.008622216131442,[147],9.134082999999999
images,2,9.008622216131442,[147],9.208084
images,2,9.008622216131442,[147],9.1525
images,2,9.008622216131442,[147],9.192792
images,2,9.008622216131442,[147],9.295083
images,2,9.008622216131442,[147],9.154333000000001
images,2,9.008622216131442,[147],9.189417
images,2,9.008622216131442,[147],9.1585
images,2,9.008622216131442,[147],9.149375
images,2,9.008622216131442,[147],9.163625
images,3,12.303373580169014,[93;150],19.071624999999997
images,3,12.303373580169014,[93;150],19.019875
images,3,12.303373580169014,[93;150],19.1325
images,3,12.303373580169014,[93;150],19.127458
images,3,12.303373580169014,[93;150],19.070875
images,3,12.303373580169014,[93;150],19.046541
images,3,12.303373580169014,[93;150],18.989417000000003
images,3,12.303373580169014,[93;150],19.065915999999998
images,3,12.303373580169014,[93;150],18.976291999999997
images,3,12.303373580169014,[93;150],19.118625
images,3,12.303373580169014,[93;150],19.006375
images,3,12.303373580169014,[93;150],22.322708
images,3,12.303373580169014,[93;150],18.920583
images,3,12.303373580169014,[93;150],19.016583
images,3,12.303373580169014,[93;150],19.028750000000002
images,3,12.303373580169014,[93;150],19.391167
images,3,12.303373580169014,[93;150],19.096999999999998
images,3,12.303373580169014,[93;150],19.771041999999998
images,3,12.303373580169014,[93;150],19.122541
images,3,12.303373580169014,[93;150],19.044542
images,3,12.303373580169014,[93;150],19.6025
images,3,12.303373580169014,[93;150],19.162417
images,3,12.303373580169014,[93;150],19.251041
images,3,12.303373580169014,[93;150],18.999792000000003
images,3,12.303373580169014,[93;150],19.148249999999997
images,3,12.303373580169014,[93;150],19.151916
images,3,12.303373580169014,[93;150],19.115417
images,3,12.303373580169014,[93;150],19.100333
images,3,12.303373580169014,[93;150],19.023249999999997
images,3,12.303373580169014,[93;150],18.955667
images,4,15.397440654078984,[93;150;202],21.088083
images,4,15.397440654078984,[93;150;202],21.181042
images,4,15.397440654078984,[93;150;202],21.142375
images,4,15.397440654078984,[93;150;202],21.099959000000002
images,4,15.397440654078984,[93;150;202],21.120542
images,4,15.397440654078984,[93;150;202],21.132459
images,4,15.397440654078984,[93;150;202],21.106042
images,4,15.397440654078984,[93;150;202],21.308457999999998
images,4,15.397440654078984,[93;150;202],21.128584
images,4,15.397440654078984,[93;150;202],21.0845
images,4,15.397440654078984,[93;150;202],21.193542
images,4,15.397440654078984,[93;150;202],21.159000000000002
images,4,15.397440654078984,[93;150;202],21.170749999999998
images,4,15.397440654078984,[93;150;202],31.859959
images,4,15.397440654078984,[93;150;202],21.276
images,4,15.397440654078984,[93;150;202],21.259875
images,4,15.397440654078984,[93;150;202],21.169083
images,4,15.397440654078984,[93;150;202],21.051291
images,4,15.397440654078984,[93;150;202],21.134125
images,4,15.397440654078984,[93;150;202],21.148500000000002
images,4,15.397440654078984,[93;150;202],21.204875
images,4,15.397440654078984,[93;150;202],21.081625
images,4,15.397440654078984,[93;150;202],21.055750000000003
images,4,15.397440654078984,[93;150;202],21.225666
images,4,15.397440654078984,[93;150;202],21.155417
images,4,15.397440654078984,[93;150;202],21.119083
images,4,15.397440654078984,[93;150;202],21.289292
images,4,15.397440654078984,[93;150;202],21.511708000000002
images,4,15.397440654078984,[93;150;202],21.245125
images,4,15.397440654078984,[93;150;202],21.169084
images,5,18.186796271505173,[78;113;150;202],35.860833
images,5,18.186796271505173,[78;113;150;202],35.927834
images,5,18.186796271505173,[78;113;150;202],36.03175
images,5,18.186796271505173,[78;113;150;202],35.967208
images,5,18.186796271505173,[78;113;150;202],36.097625
images,5,18.186796271505173,[78;113;150;202],35.882083
images,5,18.186796271505173,[78;113;150;202],36.02175
images,5,18.186796271505173,[78;113;150;202],35.893958
images,5,18.186796271505173,[78;113;150;202],35.98275
images,5,18.186796271505173,[78;113;150;202],36.156958
images,5,18.186796271505173,[78;113;150;202],35.999166
images,5,18.186796271505173,[78;113;150;202],36.012750000000004
images,5,18.186796271505173,[78;113;150;202],35.973166
images,5,18.186796271505173,[78;113;150;202],35.98075
images,5,18.186796271505173,[78;113;150;202],35.926041999999995
images,5,18.186796271505173,[78;113;150;202],36.010958
images,5,18.186796271505173,[78;113;150;202],35.93825
images,5,18.186796271505173,[78;113;150;202],35.977584
images,5,18.186796271505173,[78;113;150;202],35.882999999999996
images,5,18.186796271505173,[78;113;150;202],35.917292
images,5,18.186796271505173,[78;113;150;202],35.940417000000004
images,5,18.186796271505173,[78;113;150;202],35.899042
images,5,18.186796271505173,[78;113;150;202],36.024834
images,5,18.186796271505173,[78;113;150;202],35.917167
images,5,18.186796271505173,[78;113;150;202],35.931084
images,5,18.186796271505173,[78;113;150;202],35.979166
images,5,18.186796271505173,[78;113;150;202],35.931667
images,5,18.186796271505173,[78;113;150;202],35.997125
images,5,18.186796271505173,[78;113;150;202],36.011624999999995
images,5,18.186796271505173,[78;113;150;202],35.963542000000004
