T62,2,2729.687288825826,[60],0.7378750000000001
T62,2,2729.687288825826,[60],0.790042
T62,2,2729.687288825826,[60],0.6279159999999999
T62,2,2729.687288825826,[60],0.619208
T62,2,2729.687288825826,[60],0.59925
T62,2,2729.687288825826,[60],0.6707500000000001
T62,2,2729.687288825826,[60],0.6084579999999999
T62,2,2729.687288825826,[60],0.686083
T62,2,2729.687288825826,[60],0.6104160000000001
T62,2,2729.687288825826,[60],0.5984999999999999
T62,2,2729.687288825826,[60],0.616083
T62,2,2729.687288825826,[60],0.6287079999999999
T62,2,2729.687288825826,[60],0.6316670000000001
T62,2,2729.687288825826,[60],0.623416
T62,2,2729.687288825826,[60],0.616708
T62,2,2729.687288825826,[60],0.6025419999999999
T62,2,2729.687288825826,[60],0.616375
T62,2,2729.687288825826,[60],0.5975419999999999
T62,2,2729.687288825826,[60],0.625583
T62,2,2729.687288825826,[60],0.633625
T62,2,2729.687288825826,[60],0.620791
T62,2,2729.687288825826,[60],0.621667
T62,2,2729.687288825826,[60],0.607542
T62,2,2729.687288825826,[60],0.6343749999999999
T62,2,2729.687288825826,[60],0.6213329999999999
T62,2,2729.687288825826,[60],0.6162500000000001
T62,2,2729.687288825826,[60],0.634916
T62,2,2729.687288825826,[60],0.607375
T62,2,2729.687288825826,[60],0.625083
T62,2,2729.687288825826,[60],0.629583
T62,3,3187.037576245214,[47;122],0.810542
T62,3,3187.037576245214,[47;122],0.836667
T62,3,3187.037576245214,[47;122],0.8285840000000001
T62,3,3187.037576245214,[47;122],0.8649169999999999
T62,3,3187.037576245214,[47;122],0.829042
T62,3,3187.037576245214,[47;122],0.8517079999999999
T62,3,3187.037576245214,[47;122],0.81225
T62,3,3187.037576245214,[47;122],0.876791
T62,3,3187.037576245214,[47;122],0.803833
T62,3,3187.037576245214,[47;122],0.81675
T62,3,3187.037576245214,[47;122],0.8375
T62,3,3187.037576245214,[47;122],0.866958
T62,3,3187.037576245214,[47;122],0.829584
T62,3,3187.037576245214,[47;122],0.8310420000000001
T62,3,3187.037576245214,[47;122],0.82975
T62,3,3187.037576245214,[47;122],0.83775
T62,3,3187.037576245214,[47;122],0.825958
T62,3,3187.037576245214,[47;122],0.818458
T62,3,3187.037576245214,[47;122],0.799708
T62,3,3187.037576245214,[47;122],0.811041
T62,3,3187.037576245214,[47;122],0.802458
T62,3,3187.037576245214,[47;122],0.833958
T62,3,3187.037576245214,[47;122],0.830791
T62,3,3187.037576245214,[47;122],0.827542
T62,3,3187.037576245214,[47;122],0.826917
T62,3,3187.037576245214,[47;122],0.918458
T62,3,3187.037576245214,[47;122],0.838542
T62,3,3187.037576245214,[47;122],0.833875
T62,3,3187.037576245214,[47;122],0.8145
T62,3,3187.037576245214,[47;122],0.87725
T62,4,3305.0570538725187,[40;97;146],0.887792
T62,4,3305.0570538725187,[40;97;146],0.910041
T62,4,3305.0570538725187,[40;97;146],0.907417
T62,4,3305.0570538725187,[40;97;146],0.8892089999999999
T62,4,3305.0570538725187,[40;97;146],0.905333
T62,4,3305.0570538725187,[40;97;146],0.954875
T62,4,3305.0570538725187,[40;97;146],0.9095000000000001
T62,4,3305.0570538725187,[40;97;146],0.9095000000000001
T62,4,3305.0570538725187,[40;97;146],0.923166
T62,4,3305.0570538725187,[40;97;146],0.8906660000000001
T62,4,3305.0570538725187,[40;97;146],0.8965000000000001
T62,4,3305.0570538725187,[40;97;146],0.894375
T62,4,3305.0570538725187,[40;97;146],0.8851249999999999
T62,4,3305.0570538725187,[40;97;146],0.931417
T62,4,3305.0570538725187,[40;97;146],0.887875
T62,4,3305.0570538725187,[40;97;146],0.885208
T62,4,3305.0570538725187,[40;97;146],0.8933749999999999
T62,4,3305.0570538725187,[40;97;146],0.977917
T62,4,3305.0570538725187,[40;97;146],0.894667
T62,4,3305.0570538725187,[40;97;146],0.9055
T62,4,3305.0570538725187,[40;97;146],0.89925
T62,4,3305.0570538725187,[40;97;146],0.8921250000000001
T62,4,3305.0570538725187,[40;97;146],0.9137909999999999
T62,4,3305.0570538725187,[40;97;146],0.884458
T62,4,3305.0570538725187,[40;97;146],0.887167
T62,4,3305.0570538725187,[40;97;146],0.886375
T62,4,3305.0570538725187,[40;97;146],0.887166
T62,4,3305.0570538725187,[40;97;146],0.918708
T62,4,3305.0570538725187,[40;97;146],0.9740000000000001
T62,4,3305.0570538725187,[40;97;146],0.878084
T62,5,3364.2736588700536,[21;63;105;152],1.378125
T62,5,3364.2736588700536,[21;63;105;152],1.43425
T62,5,3364.2736588700536,[21;63;105;152],1.317042
T62,5,3364.2736588700536,[21;63;105;152],1.3803750000000001
T62,5,3364.2736588700536,[21;63;105;152],1.376542
T62,5,3364.2736588700536,[21;63;105;152],1.451625
T62,5,3364.2736588700536,[21;63;105;152],1.3665829999999999
T62,5,3364.2736588700536,[21;63;105;152],1.363625
T62,5,3364.2736588700536,[21;63;105;152],1.3427090000000002
T62,5,3364.2736588700536,[21;63;105;152],1.584541
T62,5,3364.2736588700536,[21;63;105;152],1.3990420000000001
T62,5,3364.2736588700536,[21;63;105;152],1.419875
T62,5,3364.2736588700536,[21;63;105;152],1.3623750000000001
T62,5,3364.2736588700536,[21;63;105;152],1.476708
T62,5,3364.2736588700536,[21;63;105;152],1.33975
T62,5,3364.2736588700536,[21;63;105;152],1.415625
T62,5,3364.2736588700536,[21;63;105;152],1.5692499999999998
T62,5,3364.2736588700536,[21;63;105;152],1.4605830000000002
T62,5,3364.2736588700536,[21;63;105;152],1.437291
T62,5,3364.2736588700536,[21;63;105;152],1.464958
T62,5,3364.2736588700536,[21;63;105;152],1.458458
T62,5,3364.2736588700536,[21;63;105;152],1.4135840000000002
T62,5,3364.2736588700536,[21;63;105;152],1.4482080000000002
T62,5,3364.2736588700536,[21;63;105;152],1.4020000000000001
T62,5,3364.2736588700536,[21;63;105;152],1.468875
T62,5,3364.2736588700536,[21;63;105;152],1.3094999999999999
T62,5,3364.2736588700536,[21;63;105;152],1.4195
T62,5,3364.2736588700536,[21;63;105;152],1.3305
T62,5,3364.2736588700536,[21;63;105;152],1.367
T62,5,3364.2736588700536,[21;63;105;152],1.456375
T42,2,2519.7320041713524,[62],0.651166
T42,2,2519.7320041713524,[62],0.634959
T42,2,2519.7320041713524,[62],0.656333
T42,2,2519.7320041713524,[62],0.646792
T42,2,2519.7320041713524,[62],0.631708
T42,2,2519.7320041713524,[62],0.651958
T42,2,2519.7320041713524,[62],0.639042
T42,2,2519.7320041713524,[62],0.669584
T42,2,2519.7320041713524,[62],0.646167
T42,2,2519.7320041713524,[62],0.632834
T42,2,2519.7320041713524,[62],0.63725
T42,2,2519.7320041713524,[62],0.6459579999999999
T42,2,2519.7320041713524,[62],0.657834
T42,2,2519.7320041713524,[62],0.633375
T42,2,2519.7320041713524,[62],0.625
T42,2,2519.7320041713524,[62],0.647209
T42,2,2519.7320041713524,[62],0.648834
T42,2,2519.7320041713524,[62],0.657417
T42,2,2519.7320041713524,[62],0.6529170000000001
T42,2,2519.7320041713524,[62],0.6530830000000001
T42,2,2519.7320041713524,[62],0.634291
T42,2,2519.7320041713524,[62],0.649667
T42,2,2519.7320041713524,[62],0.656
T42,2,2519.7320041713524,[62],0.662417
T42,2,2519.7320041713524,[62],0.652792
T42,2,2519.7320041713524,[62],0.630958
T42,2,2519.7320041713524,[62],0.643416
T42,2,2519.7320041713524,[62],0.630583
T42,2,2519.7320041713524,[62],0.628167
T42,2,2519.7320041713524,[62],0.647542
T42,3,2910.52735569842,[46;120],0.849417
T42,3,2910.52735569842,[46;120],0.888
T42,3,2910.52735569842,[46;120],0.7982090000000001
T42,3,2910.52735569842,[46;120],0.8517079999999999
T42,3,2910.52735569842,[46;120],0.8365
T42,3,2910.52735569842,[46;120],0.853
T42,3,2910.52735569842,[46;120],0.818917
T42,3,2910.52735569842,[46;120],0.863708
T42,3,2910.52735569842,[46;120],0.882208
T42,3,2910.52735569842,[46;120],0.814833
T42,3,2910.52735569842,[46;120],0.872666
T42,3,2910.52735569842,[46;120],0.8242079999999999
T42,3,2910.52735569842,[46;120],0.946875
T42,3,2910.52735569842,[46;120],0.842916
T42,3,2910.52735569842,[46;120],0.897209
T42,3,2910.52735569842,[46;120],0.876208
T42,3,2910.52735569842,[46;120],0.8294170000000001
T42,3,2910.52735569842,[46;120],0.8855
T42,3,2910.52735569842,[46;120],0.879291
T42,3,2910.52735569842,[46;120],0.851667
T42,3,2910.52735569842,[46;120],0.825041
T42,3,2910.52735569842,[46;120],0.837
T42,3,2910.52735569842,[46;120],0.847
T42,3,2910.52735569842,[46;120],0.811542
T42,3,2910.52735569842,[46;120],0.8214579999999999
T42,3,2910.52735569842,[46;120],0.811833
T42,3,2910.52735569842,[46;120],0.861417
T42,3,2910.52735569842,[46;120],0.802708
T42,3,2910.52735569842,[46;120],0.823834
T42,3,2910.52735569842,[46;120],0.930667
T42,4,3019.7422240558694,[29;77;131],0.911459
T42,4,3019.7422240558694,[29;77;131],0.92875
T42,4,3019.7422240558694,[29;77;131],0.940708
T42,4,3019.7422240558694,[29;77;131],0.952542
T42,4,3019.7422240558694,[29;77;131],0.965417
T42,4,3019.7422240558694,[29;77;131],1.001625
T42,4,3019.7422240558694,[29;77;131],1.02
T42,4,3019.7422240558694,[29;77;131],0.919875
T42,4,3019.7422240558694,[29;77;131],0.9790829999999999
T42,4,3019.7422240558694,[29;77;131],0.943625
T42,4,3019.7422240558694,[29;77;131],0.9432079999999999
T42,4,3019.7422240558694,[29;77;131],0.971542
T42,4,3019.7422240558694,[29;77;131],0.941875
T42,4,3019.7422240558694,[29;77;131],1.00575
T42,4,3019.7422240558694,[29;77;131],1.0135420000000002
T42,4,3019.7422240558694,[29;77;131],0.9380000000000001
T42,4,3019.7422240558694,[29;77;131],0.941416
T42,4,3019.7422240558694,[29;77;131],0.945166
T42,4,3019.7422240558694,[29;77;131],0.935958
T42,4,3019.7422240558694,[29;77;131],0.947708
T42,4,3019.7422240558694,[29;77;131],0.938083
T42,4,3019.7422240558694,[29;77;131],0.9651660000000001
T42,4,3019.7422240558694,[29;77;131],0.972875
T42,4,3019.7422240558694,[29;77;131],0.9783750000000001
T42,4,3019.7422240558694,[29;77;131],0.923833
T42,4,3019.7422240558694,[29;77;131],0.977
T42,4,3019.7422240558694,[29;77;131],0.942125
T42,4,3019.7422240558694,[29;77;131],0.970208
T42,4,3019.7422240558694,[29;77;131],0.9416249999999999
T42,4,3019.7422240558694,[29;77;131],0.9389580000000001
T42,5,3078.590079332623,[22;64;108;154],1.562375
T42,5,3078.590079332623,[22;64;108;154],1.615625
T42,5,3078.590079332623,[22;64;108;154],1.578625
T42,5,3078.590079332623,[22;64;108;154],1.580875
T42,5,3078.590079332623,[22;64;108;154],1.661041
T42,5,3078.590079332623,[22;64;108;154],1.584584
T42,5,3078.590079332623,[22;64;108;154],1.675375
T42,5,3078.590079332623,[22;64;108;154],1.6194169999999999
T42,5,3078.590079332623,[22;64;108;154],1.584917
T42,5,3078.590079332623,[22;64;108;154],1.655375
T42,5,3078.590079332623,[22;64;108;154],1.649
T42,5,3078.590079332623,[22;64;108;154],1.908625
T42,5,3078.590079332623,[22;64;108;154],2.168542
T42,5,3078.590079332623,[22;64;108;154],1.577417
T42,5,3078.590079332623,[22;64;108;154],1.5895
T42,5,3078.590079332623,[22;64;108;154],1.5937919999999999
T42,5,3078.590079332623,[22;64;108;154],1.6095
T42,5,3078.590079332623,[22;64;108;154],1.640125
T42,5,3078.590079332623,[22;64;108;154],1.450625
T42,5,3078.590079332623,[22;64;108;154],1.682666
T42,5,3078.590079332623,[22;64;108;154],1.684208
T42,5,3078.590079332623,[22;64;108;154],1.704875
T42,5,3078.590079332623,[22;64;108;154],1.5495
T42,5,3078.590079332623,[22;64;108;154],1.530292
T42,5,3078.590079332623,[22;64;108;154],1.678334
T42,5,3078.590079332623,[22;64;108;154],1.632166
T42,5,3078.590079332623,[22;64;108;154],1.6595410000000002
T42,5,3078.590079332623,[22;64;108;154],1.506875
T42,5,3078.590079332623,[22;64;108;154],1.595833
T42,5,3078.590079332623,[22;64;108;154],1.644333
T52,2,2380.2713235206493,[57],0.656041
T52,2,2380.2713235206493,[57],0.644125
T52,2,2380.2713235206493,[57],0.622459
T52,2,2380.2713235206493,[57],0.633958
T52,2,2380.2713235206493,[57],0.639916
T52,2,2380.2713235206493,[57],0.646875
T52,2,2380.2713235206493,[57],0.650167
T52,2,2380.2713235206493,[57],0.641333
T52,2,2380.2713235206493,[57],0.642083
T52,2,2380.2713235206493,[57],0.633875
T52,2,2380.2713235206493,[57],1.9733329999999998
T52,2,2380.2713235206493,[57],0.654458
T52,2,2380.2713235206493,[57],0.61575
T52,2,2380.2713235206493,[57],0.635833
T52,2,2380.2713235206493,[57],0.636083
T52,2,2380.2713235206493,[57],0.636458
T52,2,2380.2713235206493,[57],0.641708
T52,2,2380.2713235206493,[57],0.62775
T52,2,2380.2713235206493,[57],0.625541
T52,2,2380.2713235206493,[57],0.63475
T52,2,2380.2713235206493,[57],0.641959
T52,2,2380.2713235206493,[57],0.6493329999999999
T52,2,2380.2713235206493,[57],0.620792
T52,2,2380.2713235206493,[57],0.6178330000000001
T52,2,2380.2713235206493,[57],0.636166
T52,2,2380.2713235206493,[57],0.641042
T52,2,2380.2713235206493,[57],0.645292
T52,2,2380.2713235206493,[57],0.631417
T52,2,2380.2713235206493,[57],0.639292
T52,2,2380.2713235206493,[57],0.6329159999999999
T52,3,2694.78343947774,[45;112],0.873958
T52,3,2694.78343947774,[45;112],0.8565419999999999
T52,3,2694.78343947774,[45;112],0.823708
T52,3,2694.78343947774,[45;112],0.8405
T52,3,2694.78343947774,[45;112],0.8182499999999999
T52,3,2694.78343947774,[45;112],0.846084
T52,3,2694.78343947774,[45;112],0.817666
T52,3,2694.78343947774,[45;112],0.862125
T52,3,2694.78343947774,[45;112],0.797792
T52,3,2694.78343947774,[45;112],0.797334
T52,3,2694.78343947774,[45;112],1.481042
T52,3,2694.78343947774,[45;112],0.8793749999999999
T52,3,2694.78343947774,[45;112],0.8035829999999999
T52,3,2694.78343947774,[45;112],0.797916
T52,3,2694.78343947774,[45;112],0.823541
T52,3,2694.78343947774,[45;112],0.818125
T52,3,2694.78343947774,[45;112],0.815083
T52,3,2694.78343947774,[45;112],0.829041
T52,3,2694.78343947774,[45;112],0.81125
T52,3,2694.78343947774,[45;112],0.9602499999999999
T52,3,2694.78343947774,[45;112],0.804292
T52,3,2694.78343947774,[45;112],0.901166
T52,3,2694.78343947774,[45;112],0.808458
T52,3,2694.78343947774,[45;112],0.834833
T52,3,2694.78343947774,[45;112],0.798291
T52,3,2694.78343947774,[45;112],0.8215
T52,3,2694.78343947774,[45;112],0.8097920000000001
T52,3,2694.78343947774,[45;112],0.816667
T52,3,2694.78343947774,[45;112],0.836417
T52,3,2694.78343947774,[45;112],0.8107080000000001
T52,4,2784.9126493253334,[36;86;129],0.922875
T52,4,2784.9126493253334,[36;86;129],0.932708
T52,4,2784.9126493253334,[36;86;129],0.898833
T52,4,2784.9126493253334,[36;86;129],0.905417
T52,4,2784.9126493253334,[36;86;129],0.924292
T52,4,2784.9126493253334,[36;86;129],0.9812919999999999
T52,4,2784.9126493253334,[36;86;129],0.9179999999999999
T52,4,2784.9126493253334,[36;86;129],0.901542
T52,4,2784.9126493253334,[36;86;129],0.908333
T52,4,2784.9126493253334,[36;86;129],0.975167
T52,4,2784.9126493253334,[36;86;129],0.913125
T52,4,2784.9126493253334,[36;86;129],0.9358339999999999
T52,4,2784.9126493253334,[36;86;129],0.961333
T52,4,2784.9126493253334,[36;86;129],0.90325
T52,4,2784.9126493253334,[36;86;129],0.962542
T52,4,2784.9126493253334,[36;86;129],0.913625
T52,4,2784.9126493253334,[36;86;129],0.93875
T52,4,2784.9126493253334,[36;86;129],0.901167
T52,4,2784.9126493253334,[36;86;129],0.919625
T52,4,2784.9126493253334,[36;86;129],0.957333
T52,4,2784.9126493253334,[36;86;129],0.964375
T52,4,2784.9126493253334,[36;86;129],0.94075
T52,4,2784.9126493253334,[36;86;129],0.927417
T52,4,2784.9126493253334,[36;86;129],0.903625
T52,4,2784.9126493253334,[36;86;129],0.925375
T52,4,2784.9126493253334,[36;86;129],0.980917
T52,4,2784.9126493253334,[36;86;129],0.995625
T52,4,2784.9126493253334,[36;86;129],0.892792
T52,4,2784.9126493253334,[36;86;129],0.955708
T52,4,2784.9126493253334,[36;86;129],0.9185000000000001
T52,5,2843.0921019800835,[20;60;98;136],1.3583749999999999
T52,5,2843.0921019800835,[20;60;98;136],1.398583
T52,5,2843.0921019800835,[20;60;98;136],1.34825
T52,5,2843.0921019800835,[20;60;98;136],1.321125
T52,5,2843.0921019800835,[20;60;98;136],1.3070410000000001
T52,5,2843.0921019800835,[20;60;98;136],1.302541
T52,5,2843.0921019800835,[20;60;98;136],1.315208
T52,5,2843.0921019800835,[20;60;98;136],1.3519999999999999
T52,5,2843.0921019800835,[20;60;98;136],1.372875
T52,5,2843.0921019800835,[20;60;98;136],1.317917
T52,5,2843.0921019800835,[20;60;98;136],1.29225
T52,5,2843.0921019800835,[20;60;98;136],1.357667
T52,5,2843.0921019800835,[20;60;98;136],1.319959
T52,5,2843.0921019800835,[20;60;98;136],1.636209
T52,5,2843.0921019800835,[20;60;98;136],1.3286660000000001
T52,5,2843.0921019800835,[20;60;98;136],1.348833
T52,5,2843.0921019800835,[20;60;98;136],1.3291250000000001
T52,5,2843.0921019800835,[20;60;98;136],1.30375
T52,5,2843.0921019800835,[20;60;98;136],1.363167
T52,5,2843.0921019800835,[20;60;98;136],1.401416
T52,5,2843.0921019800835,[20;60;98;136],1.3988749999999999
T52,5,2843.0921019800835,[20;60;98;136],1.3762500000000002
T52,5,2843.0921019800835,[20;60;98;136],1.3173329999999999
T52,5,2843.0921019800835,[20;60;98;136],1.4016250000000001
T52,5,2843.0921019800835,[20;60;98;136],1.3246250000000002
T52,5,2843.0921019800835,[20;60;98;136],1.327958
T52,5,2843.0921019800835,[20;60;98;136],1.3175420000000002
T52,5,2843.0921019800835,[20;60;98;136],1.402625
T52,5,2843.0921019800835,[20;60;98;136],1.329917
T52,5,2843.0921019800835,[20;60;98;136],1.373917
T22,2,1867.6683260762325,[60],0.626458
T22,2,1867.6683260762325,[60],0.6309170000000001
T22,2,1867.6683260762325,[60],0.632167
T22,2,1867.6683260762325,[60],0.652084
T22,2,1867.6683260762325,[60],0.621625
T22,2,1867.6683260762325,[60],0.6385419999999999
T22,2,1867.6683260762325,[60],0.6261669999999999
T22,2,1867.6683260762325,[60],0.632667
T22,2,1867.6683260762325,[60],0.628333
T22,2,1867.6683260762325,[60],0.628041
T22,2,1867.6683260762325,[60],0.645959
T22,2,1867.6683260762325,[60],0.614166
T22,2,1867.6683260762325,[60],0.630292
T22,2,1867.6683260762325,[60],0.619
T22,2,1867.6683260762325,[60],0.625
T22,2,1867.6683260762325,[60],0.615208
T22,2,1867.6683260762325,[60],0.6525409999999999
T22,2,1867.6683260762325,[60],0.6197499999999999
T22,2,1867.6683260762325,[60],0.663042
T22,2,1867.6683260762325,[60],0.6340840000000001
T22,2,1867.6683260762325,[60],0.6178330000000001
T22,2,1867.6683260762325,[60],0.624167
T22,2,1867.6683260762325,[60],0.648833
T22,2,1867.6683260762325,[60],0.659875
T22,2,1867.6683260762325,[60],0.623042
T22,2,1867.6683260762325,[60],0.627542
T22,2,1867.6683260762325,[60],0.648792
T22,2,1867.6683260762325,[60],0.634209
T22,2,1867.6683260762325,[60],0.6377079999999999
T22,2,1867.6683260762325,[60],0.644625
T22,3,2147.3730143469375,[33;95],0.793708
T22,3,2147.3730143469375,[33;95],0.8130000000000001
T22,3,2147.3730143469375,[33;95],0.808
T22,3,2147.3730143469375,[33;95],0.822917
T22,3,2147.3730143469375,[33;95],0.80725
T22,3,2147.3730143469375,[33;95],0.8050419999999999
T22,3,2147.3730143469375,[33;95],0.819666
T22,3,2147.3730143469375,[33;95],0.807042
T22,3,2147.3730143469375,[33;95],0.826916
T22,3,2147.3730143469375,[33;95],0.8099160000000001
T22,3,2147.3730143469375,[33;95],0.822458
T22,3,2147.3730143469375,[33;95],0.8197089999999999
T22,3,2147.3730143469375,[33;95],0.8440420000000001
T22,3,2147.3730143469375,[33;95],0.7981670000000001
T22,3,2147.3730143469375,[33;95],0.814167
T22,3,2147.3730143469375,[33;95],0.806583
T22,3,2147.3730143469375,[33;95],0.808542
T22,3,2147.3730143469375,[33;95],0.836708
T22,3,2147.3730143469375,[33;95],0.7885420000000001
T22,3,2147.3730143469375,[33;95],0.840375
T22,3,2147.3730143469375,[33;95],0.80625
T22,3,2147.3730143469375,[33;95],0.813667
T22,3,2147.3730143469375,[33;95],0.8351660000000001
T22,3,2147.3730143469375,[33;95],0.810916
T22,3,2147.3730143469375,[33;95],0.8057920000000001
T22,3,2147.3730143469375,[33;95],0.8075410000000001
T22,3,2147.3730143469375,[33;95],0.817458
T22,3,2147.3730143469375,[33;95],0.871458
T22,3,2147.3730143469375,[33;95],0.841125
T22,3,2147.3730143469375,[33;95],0.86175
T22,4,2251.874249300744,[22;65;115],0.9155829999999999
T22,4,2251.874249300744,[22;65;115],0.943875
T22,4,2251.874249300744,[22;65;115],0.9325
T22,4,2251.874249300744,[22;65;115],1.0310840000000001
T22,4,2251.874249300744,[22;65;115],0.9390419999999999
T22,4,2251.874249300744,[22;65;115],0.9342079999999999
T22,4,2251.874249300744,[22;65;115],0.9339580000000001
T22,4,2251.874249300744,[22;65;115],0.97475
T22,4,2251.874249300744,[22;65;115],0.931208
T22,4,2251.874249300744,[22;65;115],0.973375
T22,4,2251.874249300744,[22;65;115],0.975
T22,4,2251.874249300744,[22;65;115],0.9995830000000001
T22,4,2251.874249300744,[22;65;115],0.9388340000000001
T22,4,2251.874249300744,[22;65;115],0.928208
T22,4,2251.874249300744,[22;65;115],0.9405830000000001
T22,4,2251.874249300744,[22;65;115],0.961958
T22,4,2251.874249300744,[22;65;115],0.9395830000000001
T22,4,2251.874249300744,[22;65;115],0.9365
T22,4,2251.874249300744,[22;65;115],0.938208
T22,4,2251.874249300744,[22;65;115],0.952125
T22,4,2251.874249300744,[22;65;115],1.000834
T22,4,2251.874249300744,[22;65;115],0.9974999999999999
T22,4,2251.874249300744,[22;65;115],0.9484170000000001
T22,4,2251.874249300744,[22;65;115],0.983083
T22,4,2251.874249300744,[22;65;115],0.976
T22,4,2251.874249300744,[22;65;115],0.9515
T22,4,2251.874249300744,[22;65;115],0.9792500000000001
T22,4,2251.874249300744,[22;65;115],0.9905840000000001
T22,4,2251.874249300744,[22;65;115],0.927083
T22,4,2251.874249300744,[22;65;115],0.9378340000000001
T22,5,2291.026284136747,[18;51;86;125],1.418042
T22,5,2291.026284136747,[18;51;86;125],1.435875
T22,5,2291.026284136747,[18;51;86;125],1.417125
T22,5,2291.026284136747,[18;51;86;125],1.411708
T22,5,2291.026284136747,[18;51;86;125],1.30675
T22,5,2291.026284136747,[18;51;86;125],1.40675
T22,5,2291.026284136747,[18;51;86;125],1.412083
T22,5,2291.026284136747,[18;51;86;125],1.3023749999999998
T22,5,2291.026284136747,[18;51;86;125],1.493208
T22,5,2291.026284136747,[18;51;86;125],1.344416
T22,5,2291.026284136747,[18;51;86;125],1.369959
T22,5,2291.026284136747,[18;51;86;125],1.298042
T22,5,2291.026284136747,[18;51;86;125],1.28375
T22,5,2291.026284136747,[18;51;86;125],1.3342910000000001
T22,5,2291.026284136747,[18;51;86;125],1.3433329999999999
T22,5,2291.026284136747,[18;51;86;125],1.3476670000000002
T22,5,2291.026284136747,[18;51;86;125],1.409375
T22,5,2291.026284136747,[18;51;86;125],1.3165
T22,5,2291.026284136747,[18;51;86;125],1.384709
T22,5,2291.026284136747,[18;51;86;125],1.399
T22,5,2291.026284136747,[18;51;86;125],1.354958
T22,5,2291.026284136747,[18;51;86;125],1.373125
T22,5,2291.026284136747,[18;51;86;125],1.422458
T22,5,2291.026284136747,[18;51;86;125],1.409125
T22,5,2291.026284136747,[18;51;86;125],1.284666
T22,5,2291.026284136747,[18;51;86;125],1.4278330000000001
T22,5,2291.026284136747,[18;51;86;125],1.378625
T22,5,2291.026284136747,[18;51;86;125],1.359542
T22,5,2291.026284136747,[18;51;86;125],1.341416
T22,5,2291.026284136747,[18;51;86;125],1.281833
T32,2,2179.359072775789,[60],0.64775
T32,2,2179.359072775789,[60],0.639541
T32,2,2179.359072775789,[60],0.66
T32,2,2179.359072775789,[60],0.6573749999999999
T32,2,2179.359072775789,[60],0.649125
T32,2,2179.359072775789,[60],0.6677919999999999
T32,2,2179.359072775789,[60],0.631417
T32,2,2179.359072775789,[60],0.6327079999999999
T32,2,2179.359072775789,[60],0.638959
T32,2,2179.359072775789,[60],0.6455000000000001
T32,2,2179.359072775789,[60],0.642417
T32,2,2179.359072775789,[60],0.6235
T32,2,2179.359072775789,[60],0.64075
T32,2,2179.359072775789,[60],0.657833
T32,2,2179.359072775789,[60],0.629291
T32,2,2179.359072775789,[60],0.6365000000000001
T32,2,2179.359072775789,[60],0.628791
T32,2,2179.359072775789,[60],0.6250840000000001
T32,2,2179.359072775789,[60],0.650333
T32,2,2179.359072775789,[60],0.644583
T32,2,2179.359072775789,[60],0.63825
T32,2,2179.359072775789,[60],0.64625
T32,2,2179.359072775789,[60],0.63075
T32,2,2179.359072775789,[60],0.659334
T32,2,2179.359072775789,[60],0.7346250000000001
T32,2,2179.359072775789,[60],0.6387079999999999
T32,2,2179.359072775789,[60],0.6279159999999999
T32,2,2179.359072775789,[60],0.6318330000000001
T32,2,2179.359072775789,[60],0.639792
T32,2,2179.359072775789,[60],0.666667
T32,3,2456.6951436782965,[42;109],0.882541
T32,3,2456.6951436782965,[42;109],0.840167
T32,3,2456.6951436782965,[42;109],0.849333
T32,3,2456.6951436782965,[42;109],0.88
T32,3,2456.6951436782965,[42;109],0.893417
T32,3,2456.6951436782965,[42;109],0.8450000000000001
T32,3,2456.6951436782965,[42;109],0.848917
T32,3,2456.6951436782965,[42;109],0.901334
T32,3,2456.6951436782965,[42;109],0.84325
T32,3,2456.6951436782965,[42;109],0.845333
T32,3,2456.6951436782965,[42;109],0.87575
T32,3,2456.6951436782965,[42;109],2.739875
T32,3,2456.6951436782965,[42;109],0.846166
T32,3,2456.6951436782965,[42;109],0.865541
T32,3,2456.6951436782965,[42;109],0.8548749999999999
T32,3,2456.6951436782965,[42;109],0.85375
T32,3,2456.6951436782965,[42;109],0.930459
T32,3,2456.6951436782965,[42;109],0.84925
T32,3,2456.6951436782965,[42;109],0.8702500000000001
T32,3,2456.6951436782965,[42;109],0.8652500000000001
T32,3,2456.6951436782965,[42;109],0.8636670000000001
T32,3,2456.6951436782965,[42;109],1.003167
T32,3,2456.6951436782965,[42;109],0.912333
T32,3,2456.6951436782965,[42;109],0.879625
T32,3,2456.6951436782965,[42;109],0.855458
T32,3,2456.6951436782965,[42;109],0.862583
T32,3,2456.6951436782965,[42;109],0.899208
T32,3,2456.6951436782965,[42;109],0.87275
T32,3,2456.6951436782965,[42;109],0.8441660000000001
T32,3,2456.6951436782965,[42;109],0.8415
T32,4,2575.6191428132306,[23;68;120],1.015416
T32,4,2575.6191428132306,[23;68;120],0.9165409999999999
T32,4,2575.6191428132306,[23;68;120],0.958792
T32,4,2575.6191428132306,[23;68;120],0.969625
T32,4,2575.6191428132306,[23;68;120],0.936917
T32,4,2575.6191428132306,[23;68;120],0.935458
T32,4,2575.6191428132306,[23;68;120],0.959
T32,4,2575.6191428132306,[23;68;120],0.9236249999999999
T32,4,2575.6191428132306,[23;68;120],1.016375
T32,4,2575.6191428132306,[23;68;120],0.921833
T32,4,2575.6191428132306,[23;68;120],1.080667
T32,4,2575.6191428132306,[23;68;120],0.9305
T32,4,2575.6191428132306,[23;68;120],1.0065
T32,4,2575.6191428132306,[23;68;120],1.0142090000000001
T32,4,2575.6191428132306,[23;68;120],0.9909999999999999
T32,4,2575.6191428132306,[23;68;120],1.0135
T32,4,2575.6191428132306,[23;68;120],0.9947090000000001
T32,4,2575.6191428132306,[23;68;120],0.9784170000000001
T32,4,2575.6191428132306,[23;68;120],0.927125
T32,4,2575.6191428132306,[23;68;120],0.949083
T32,4,2575.6191428132306,[23;68;120],0.983
T32,4,2575.6191428132306,[23;68;120],1.022792
T32,4,2575.6191428132306,[23;68;120],1.023541
T32,4,2575.6191428132306,[23;68;120],0.979292
T32,4,2575.6191428132306,[23;68;120],0.9981670000000001
T32,4,2575.6191428132306,[23;68;120],0.954
T32,4,2575.6191428132306,[23;68;120],0.949459
T32,4,2575.6191428132306,[23;68;120],1.003584
T32,4,2575.6191428132306,[23;68;120],0.932125
T32,4,2575.6191428132306,[23;68;120],0.928916
T32,5,2613.9011459580165,[19;56;92;131],1.358292
T32,5,2613.9011459580165,[19;56;92;131],1.4168340000000001
T32,5,2613.9011459580165,[19;56;92;131],1.407
T32,5,2613.9011459580165,[19;56;92;131],1.493458
T32,5,2613.9011459580165,[19;56;92;131],1.460209
T32,5,2613.9011459580165,[19;56;92;131],1.414542
T32,5,2613.9011459580165,[19;56;92;131],1.505875
T32,5,2613.9011459580165,[19;56;92;131],1.414209
T32,5,2613.9011459580165,[19;56;92;131],1.3165419999999999
T32,5,2613.9011459580165,[19;56;92;131],1.325375
T32,5,2613.9011459580165,[19;56;92;131],1.4643329999999999
T32,5,2613.9011459580165,[19;56;92;131],1.538959
T32,5,2613.9011459580165,[19;56;92;131],1.466167
T32,5,2613.9011459580165,[19;56;92;131],1.3597920000000001
T32,5,2613.9011459580165,[19;56;92;131],1.379458
T32,5,2613.9011459580165,[19;56;92;131],1.4295
T32,5,2613.9011459580165,[19;56;92;131],1.340667
T32,5,2613.9011459580165,[19;56;92;131],1.379792
T32,5,2613.9011459580165,[19;56;92;131],1.38675
T32,5,2613.9011459580165,[19;56;92;131],1.478292
T32,5,2613.9011459580165,[19;56;92;131],1.335042
T32,5,2613.9011459580165,[19;56;92;131],1.472916
T32,5,2613.9011459580165,[19;56;92;131],1.346333
T32,5,2613.9011459580165,[19;56;92;131],1.447042
T32,5,2613.9011459580165,[19;56;92;131],1.46225
T32,5,2613.9011459580165,[19;56;92;131],1.417041
T32,5,2613.9011459580165,[19;56;92;131],1.375083
T32,5,2613.9011459580165,[19;56;92;131],1.433625
T32,5,2613.9011459580165,[19;56;92;131],1.460333
T32,5,2613.9011459580165,[19;56;92;131],1.341334
T62,2,2729.687288825826,[60],2.536833
T62,2,2729.687288825826,[60],0.810458
T62,2,2729.687288825826,[60],0.630958
T62,2,2729.687288825826,[60],0.620958
T62,2,2729.687288825826,[60],0.6471250000000001
T62,2,2729.687288825826,[60],0.6768339999999999
T62,2,2729.687288825826,[60],0.9143330000000001
T62,2,2729.687288825826,[60],0.598958
T62,2,2729.687288825826,[60],0.636333
T62,2,2729.687288825826,[60],0.596042
T62,2,2729.687288825826,[60],0.765209
T62,2,2729.687288825826,[60],0.6137910000000001
T62,2,2729.687288825826,[60],0.62825
T62,2,2729.687288825826,[60],0.616833
T62,2,2729.687288825826,[60],0.592584
T62,2,2729.687288825826,[60],0.593875
T62,2,2729.687288825826,[60],0.602042
T62,2,2729.687288825826,[60],0.595084
T62,2,2729.687288825826,[60],0.610208
T62,2,2729.687288825826,[60],0.596042
T62,2,2729.687288825826,[60],0.613542
T62,2,2729.687288825826,[60],0.614125
T62,2,2729.687288825826,[60],0.621792
T62,2,2729.687288825826,[60],0.606792
T62,2,2729.687288825826,[60],0.600708
T62,2,2729.687288825826,[60],0.624
T62,2,2729.687288825826,[60],0.638209
T62,2,2729.687288825826,[60],0.6017079999999999
T62,2,2729.687288825826,[60],0.612625
T62,2,2729.687288825826,[60],0.6194590000000001
T62,3,3187.037576245214,[47;122],0.823292
T62,3,3187.037576245214,[47;122],0.8232499999999999
T62,3,3187.037576245214,[47;122],0.815125
T62,3,3187.037576245214,[47;122],0.845666
T62,3,3187.037576245214,[47;122],0.829167
T62,3,3187.037576245214,[47;122],0.831334
T62,3,3187.037576245214,[47;122],0.833333
T62,3,3187.037576245214,[47;122],0.8204170000000001
T62,3,3187.037576245214,[47;122],0.8675
T62,3,3187.037576245214,[47;122],0.839541
T62,3,3187.037576245214,[47;122],0.854542
T62,3,3187.037576245214,[47;122],0.813541
T62,3,3187.037576245214,[47;122],0.822333
T62,3,3187.037576245214,[47;122],0.798458
T62,3,3187.037576245214,[47;122],0.816542
T62,3,3187.037576245214,[47;122],0.881875
T62,3,3187.037576245214,[47;122],0.801667
T62,3,3187.037576245214,[47;122],0.812375
T62,3,3187.037576245214,[47;122],0.8084589999999999
T62,3,3187.037576245214,[47;122],0.883667
T62,3,3187.037576245214,[47;122],0.8203750000000001
T62,3,3187.037576245214,[47;122],0.833708
T62,3,3187.037576245214,[47;122],0.8585
T62,3,3187.037576245214,[47;122],0.808083
T62,3,3187.037576245214,[47;122],0.80275
T62,3,3187.037576245214,[47;122],0.8108339999999999
T62,3,3187.037576245214,[47;122],0.803792
T62,3,3187.037576245214,[47;122],0.836667
T62,3,3187.037576245214,[47;122],0.816167
T62,3,3187.037576245214,[47;122],0.860833
T62,4,3305.0570538725187,[40;97;146],0.851542
T62,4,3305.0570538725187,[40;97;146],0.871083
T62,4,3305.0570538725187,[40;97;146],0.867584
T62,4,3305.0570538725187,[40;97;146],0.886625
T62,4,3305.0570538725187,[40;97;146],0.875583
T62,4,3305.0570538725187,[40;97;146],0.92425
T62,4,3305.0570538725187,[40;97;146],1.016834
T62,4,3305.0570538725187,[40;97;146],0.877708
T62,4,3305.0570538725187,[40;97;146],0.8638330000000001
T62,4,3305.0570538725187,[40;97;146],0.8621669999999999
T62,4,3305.0570538725187,[40;97;146],0.855791
T62,4,3305.0570538725187,[40;97;146],0.873125
T62,4,3305.0570538725187,[40;97;146],0.8554590000000001
T62,4,3305.0570538725187,[40;97;146],0.8703339999999999
T62,4,3305.0570538725187,[40;97;146],0.867
T62,4,3305.0570538725187,[40;97;146],0.908333
T62,4,3305.0570538725187,[40;97;146],0.899833
T62,4,3305.0570538725187,[40;97;146],0.877833
T62,4,3305.0570538725187,[40;97;146],0.887792
T62,4,3305.0570538725187,[40;97;146],0.875334
T62,4,3305.0570538725187,[40;97;146],0.9029170000000001
T62,4,3305.0570538725187,[40;97;146],0.866417
T62,4,3305.0570538725187,[40;97;146],0.872167
T62,4,3305.0570538725187,[40;97;146],0.865
T62,4,3305.0570538725187,[40;97;146],0.865167
T62,4,3305.0570538725187,[40;97;146],0.865792
T62,4,3305.0570538725187,[40;97;146],0.864042
T62,4,3305.0570538725187,[40;97;146],0.897166
T62,4,3305.0570538725187,[40;97;146],0.8756659999999999
T62,4,3305.0570538725187,[40;97;146],0.878208
T62,5,3364.2736588700536,[21;63;105;152],1.3224580000000001
T62,5,3364.2736588700536,[21;63;105;152],1.328917
T62,5,3364.2736588700536,[21;63;105;152],1.416166
T62,5,3364.2736588700536,[21;63;105;152],1.3422079999999998
T62,5,3364.2736588700536,[21;63;105;152],1.371291
T62,5,3364.2736588700536,[21;63;105;152],1.338917
T62,5,3364.2736588700536,[21;63;105;152],1.373625
T62,5,3364.2736588700536,[21;63;105;152],1.322209
T62,5,3364.2736588700536,[21;63;105;152],1.3878339999999998
T62,5,3364.2736588700536,[21;63;105;152],1.3801670000000001
T62,5,3364.2736588700536,[21;63;105;152],1.371583
T62,5,3364.2736588700536,[21;63;105;152],1.441125
T62,5,3364.2736588700536,[21;63;105;152],1.375083
T62,5,3364.2736588700536,[21;63;105;152],1.384541
T62,5,3364.2736588700536,[21;63;105;152],1.392958
T62,5,3364.2736588700536,[21;63;105;152],1.382292
T62,5,3364.2736588700536,[21;63;105;152],1.394042
T62,5,3364.2736588700536,[21;63;105;152],1.3309170000000001
T62,5,3364.2736588700536,[21;63;105;152],1.4415840000000002
T62,5,3364.2736588700536,[21;63;105;152],1.32125
T62,5,3364.2736588700536,[21;63;105;152],1.377917
T62,5,3364.2736588700536,[21;63;105;152],1.310791
T62,5,3364.2736588700536,[21;63;105;152],1.403625
T62,5,3364.2736588700536,[21;63;105;152],1.383292
T62,5,3364.2736588700536,[21;63;105;152],1.411916
T62,5,3364.2736588700536,[21;63;105;152],1.384834
T62,5,3364.2736588700536,[21;63;105;152],1.500709
T62,5,3364.2736588700536,[21;63;105;152],1.325833
T62,5,3364.2736588700536,[21;63;105;152],1.319209
T62,5,3364.2736588700536,[21;63;105;152],1.3622079999999999
T42,2,2519.7320041713524,[62],1.4475
T42,2,2519.7320041713524,[62],0.7748339999999999
T42,2,2519.7320041713524,[62],0.61775
T42,2,2519.7320041713524,[62],0.606375
T42,2,2519.7320041713524,[62],0.601
T42,2,2519.7320041713524,[62],0.602334
T42,2,2519.7320041713524,[62],0.6067089999999999
T42,2,2519.7320041713524,[62],0.6040000000000001
T42,2,2519.7320041713524,[62],0.605125
T42,2,2519.7320041713524,[62],0.602708
T42,2,2519.7320041713524,[62],0.594708
T42,2,2519.7320041713524,[62],0.591959
T42,2,2519.7320041713524,[62],0.613583
T42,2,2519.7320041713524,[62],0.597125
T42,2,2519.7320041713524,[62],0.597875
T42,2,2519.7320041713524,[62],0.6059169999999999
T42,2,2519.7320041713524,[62],0.637958
T42,2,2519.7320041713524,[62],0.596458
T42,2,2519.7320041713524,[62],0.605125
T42,2,2519.7320041713524,[62],0.596666
T42,2,2519.7320041713524,[62],0.6040000000000001
T42,2,2519.7320041713524,[62],0.602042
T42,2,2519.7320041713524,[62],0.598583
T42,2,2519.7320041713524,[62],0.650208
T42,2,2519.7320041713524,[62],0.612792
T42,2,2519.7320041713524,[62],0.605416
T42,2,2519.7320041713524,[62],0.6000829999999999
T42,2,2519.7320041713524,[62],0.613084
T42,2,2519.7320041713524,[62],0.6015830000000001
T42,2,2519.7320041713524,[62],0.6112920000000001
T42,3,2910.52735569842,[46;120],0.831375
T42,3,2910.52735569842,[46;120],0.816416
T42,3,2910.52735569842,[46;120],0.8652500000000001
T42,3,2910.52735569842,[46;120],0.788084
T42,3,2910.52735569842,[46;120],0.7837919999999999
T42,3,2910.52735569842,[46;120],0.776042
T42,3,2910.52735569842,[46;120],0.8216249999999999
T42,3,2910.52735569842,[46;120],0.781833
T42,3,2910.52735569842,[46;120],0.864333
T42,3,2910.52735569842,[46;120],0.7829999999999999
T42,3,2910.52735569842,[46;120],0.835833
T42,3,2910.52735569842,[46;120],0.778792
T42,3,2910.52735569842,[46;120],0.82475
T42,3,2910.52735569842,[46;120],0.778375
T42,3,2910.52735569842,[46;120],0.7811670000000001
T42,3,2910.52735569842,[46;120],0.787459
T42,3,2910.52735569842,[46;120],0.79825
T42,3,2910.52735569842,[46;120],0.809292
T42,3,2910.52735569842,[46;120],0.796084
T42,3,2910.52735569842,[46;120],0.834459
T42,3,2910.52735569842,[46;120],0.821833
T42,3,2910.52735569842,[46;120],0.77775
T42,3,2910.52735569842,[46;120],0.7837080000000001
T42,3,2910.52735569842,[46;120],0.783916
T42,3,2910.52735569842,[46;120],0.793708
T42,3,2910.52735569842,[46;120],0.794041
T42,3,2910.52735569842,[46;120],0.806792
T42,3,2910.52735569842,[46;120],0.7837500000000001
T42,3,2910.52735569842,[46;120],0.784584
T42,3,2910.52735569842,[46;120],0.842584
T42,4,3019.7422240558694,[29;77;131],0.9113749999999999
T42,4,3019.7422240558694,[29;77;131],0.905625
T42,4,3019.7422240558694,[29;77;131],1.011666
T42,4,3019.7422240558694,[29;77;131],0.9794160000000001
T42,4,3019.7422240558694,[29;77;131],0.911666
T42,4,3019.7422240558694,[29;77;131],0.936084
T42,4,3019.7422240558694,[29;77;131],0.899459
T42,4,3019.7422240558694,[29;77;131],0.906708
T42,4,3019.7422240558694,[29;77;131],0.890375
T42,4,3019.7422240558694,[29;77;131],0.905791
T42,4,3019.7422240558694,[29;77;131],0.926208
T42,4,3019.7422240558694,[29;77;131],0.952791
T42,4,3019.7422240558694,[29;77;131],0.9456669999999999
T42,4,3019.7422240558694,[29;77;131],0.915625
T42,4,3019.7422240558694,[29;77;131],0.909958
T42,4,3019.7422240558694,[29;77;131],0.9017499999999999
T42,4,3019.7422240558694,[29;77;131],0.9223750000000001
T42,4,3019.7422240558694,[29;77;131],1.619666
T42,4,3019.7422240558694,[29;77;131],0.900667
T42,4,3019.7422240558694,[29;77;131],0.905083
T42,4,3019.7422240558694,[29;77;131],0.91475
T42,4,3019.7422240558694,[29;77;131],0.900417
T42,4,3019.7422240558694,[29;77;131],0.925542
T42,4,3019.7422240558694,[29;77;131],0.9039579999999999
T42,4,3019.7422240558694,[29;77;131],0.916917
T42,4,3019.7422240558694,[29;77;131],0.890458
T42,4,3019.7422240558694,[29;77;131],0.9390839999999999
T42,4,3019.7422240558694,[29;77;131],0.89925
T42,4,3019.7422240558694,[29;77;131],0.903833
T42,4,3019.7422240558694,[29;77;131],0.902792
T42,5,3078.590079332623,[22;64;108;154],1.5120419999999999
T42,5,3078.590079332623,[22;64;108;154],1.4749999999999999
T42,5,3078.590079332623,[22;64;108;154],1.52125
T42,5,3078.590079332623,[22;64;108;154],1.44225
T42,5,3078.590079332623,[22;64;108;154],1.524166
T42,5,3078.590079332623,[22;64;108;154],1.5312080000000001
T42,5,3078.590079332623,[22;64;108;154],4.90725
T42,5,3078.590079332623,[22;64;108;154],1.575083
T42,5,3078.590079332623,[22;64;108;154],1.518541
T42,5,3078.590079332623,[22;64;108;154],1.538375
T42,5,3078.590079332623,[22;64;108;154],1.4855
T42,5,3078.590079332623,[22;64;108;154],1.528709
T42,5,3078.590079332623,[22;64;108;154],1.5411249999999999
T42,5,3078.590079332623,[22;64;108;154],1.5013750000000001
T42,5,3078.590079332623,[22;64;108;154],1.484167
T42,5,3078.590079332623,[22;64;108;154],1.568833
T42,5,3078.590079332623,[22;64;108;154],1.571084
T42,5,3078.590079332623,[22;64;108;154],1.568
T42,5,3078.590079332623,[22;64;108;154],1.5018340000000001
T42,5,3078.590079332623,[22;64;108;154],1.450542
T42,5,3078.590079332623,[22;64;108;154],1.5045410000000001
T42,5,3078.590079332623,[22;64;108;154],1.543083
T42,5,3078.590079332623,[22;64;108;154],1.499542
T42,5,3078.590079332623,[22;64;108;154],2.288667
T42,5,3078.590079332623,[22;64;108;154],1.4987920000000001
T42,5,3078.590079332623,[22;64;108;154],1.4469999999999998
T42,5,3078.590079332623,[22;64;108;154],1.573875
T42,5,3078.590079332623,[22;64;108;154],1.5863749999999999
T42,5,3078.590079332623,[22;64;108;154],1.530375
T42,5,3078.590079332623,[22;64;108;154],1.477125
T52,2,2380.2713235206493,[57],1.2779580000000001
T52,2,2380.2713235206493,[57],0.71175
T52,2,2380.2713235206493,[57],0.638667
T52,2,2380.2713235206493,[57],0.6024999999999999
T52,2,2380.2713235206493,[57],0.6034579999999999
T52,2,2380.2713235206493,[57],0.614875
T52,2,2380.2713235206493,[57],0.601375
T52,2,2380.2713235206493,[57],0.597792
T52,2,2380.2713235206493,[57],0.620959
T52,2,2380.2713235206493,[57],0.606291
T52,2,2380.2713235206493,[57],0.595541
T52,2,2380.2713235206493,[57],0.59675
T52,2,2380.2713235206493,[57],0.601334
T52,2,2380.2713235206493,[57],0.5955
T52,2,2380.2713235206493,[57],0.596208
T52,2,2380.2713235206493,[57],0.5980840000000001
T52,2,2380.2713235206493,[57],0.59925
T52,2,2380.2713235206493,[57],0.598125
T52,2,2380.2713235206493,[57],0.625333
T52,2,2380.2713235206493,[57],0.627333
T52,2,2380.2713235206493,[57],0.595459
T52,2,2380.2713235206493,[57],0.6218750000000001
T52,2,2380.2713235206493,[57],0.634708
T52,2,2380.2713235206493,[57],0.600167
T52,2,2380.2713235206493,[57],0.603584
T52,2,2380.2713235206493,[57],0.628042
T52,2,2380.2713235206493,[57],0.6022500000000001
T52,2,2380.2713235206493,[57],0.61
T52,2,2380.2713235206493,[57],0.611291
T52,2,2380.2713235206493,[57],0.596541
T52,3,2694.78343947774,[45;112],0.801875
T52,3,2694.78343947774,[45;112],0.902458
T52,3,2694.78343947774,[45;112],0.793167
T52,3,2694.78343947774,[45;112],0.802708
T52,3,2694.78343947774,[45;112],0.803667
T52,3,2694.78343947774,[45;112],0.791416
T52,3,2694.78343947774,[45;112],0.7936249999999999
T52,3,2694.78343947774,[45;112],0.803834
T52,3,2694.78343947774,[45;112],0.847333
T52,3,2694.78343947774,[45;112],0.830792
T52,3,2694.78343947774,[45;112],0.78425
T52,3,2694.78343947774,[45;112],0.802333
T52,3,2694.78343947774,[45;112],0.7933330000000001
T52,3,2694.78343947774,[45;112],0.795584
T52,3,2694.78343947774,[45;112],0.8122090000000001
T52,3,2694.78343947774,[45;112],0.7951250000000001
T52,3,2694.78343947774,[45;112],0.7886660000000001
T52,3,2694.78343947774,[45;112],0.784041
T52,3,2694.78343947774,[45;112],0.801583
T52,3,2694.78343947774,[45;112],0.806875
T52,3,2694.78343947774,[45;112],0.8584579999999999
T52,3,2694.78343947774,[45;112],0.81725
T52,3,2694.78343947774,[45;112],0.79975
T52,3,2694.78343947774,[45;112],0.793208
T52,3,2694.78343947774,[45;112],0.791875
T52,3,2694.78343947774,[45;112],0.789208
T52,3,2694.78343947774,[45;112],0.781
T52,3,2694.78343947774,[45;112],0.787625
T52,3,2694.78343947774,[45;112],0.799
T52,3,2694.78343947774,[45;112],0.796833
T52,4,2784.9126493253334,[36;86;129],0.904083
T52,4,2784.9126493253334,[36;86;129],0.883083
T52,4,2784.9126493253334,[36;86;129],0.8853329999999999
T52,4,2784.9126493253334,[36;86;129],0.8756659999999999
T52,4,2784.9126493253334,[36;86;129],0.892667
T52,4,2784.9126493253334,[36;86;129],0.875208
T52,4,2784.9126493253334,[36;86;129],0.872375
T52,4,2784.9126493253334,[36;86;129],0.9103330000000001
T52,4,2784.9126493253334,[36;86;129],0.892041
T52,4,2784.9126493253334,[36;86;129],0.9045000000000001
T52,4,2784.9126493253334,[36;86;129],0.8765
T52,4,2784.9126493253334,[36;86;129],0.962167
T52,4,2784.9126493253334,[36;86;129],0.890917
T52,4,2784.9126493253334,[36;86;129],0.894833
T52,4,2784.9126493253334,[36;86;129],0.903375
T52,4,2784.9126493253334,[36;86;129],0.882375
T52,4,2784.9126493253334,[36;86;129],0.879667
T52,4,2784.9126493253334,[36;86;129],0.880584
T52,4,2784.9126493253334,[36;86;129],0.894208
T52,4,2784.9126493253334,[36;86;129],0.925375
T52,4,2784.9126493253334,[36;86;129],0.880042
T52,4,2784.9126493253334,[36;86;129],0.881084
T52,4,2784.9126493253334,[36;86;129],0.9113749999999999
T52,4,2784.9126493253334,[36;86;129],0.9297500000000001
T52,4,2784.9126493253334,[36;86;129],0.883
T52,4,2784.9126493253334,[36;86;129],0.8725
T52,4,2784.9126493253334,[36;86;129],0.915459
T52,4,2784.9126493253334,[36;86;129],0.922292
T52,4,2784.9126493253334,[36;86;129],0.885583
T52,4,2784.9126493253334,[36;86;129],0.8809170000000001
T52,5,2843.0921019800835,[20;60;98;136],1.45325
T52,5,2843.0921019800835,[20;60;98;136],1.358584
T52,5,2843.0921019800835,[20;60;98;136],1.307375
T52,5,2843.0921019800835,[20;60;98;136],1.384791
T52,5,2843.0921019800835,[20;60;98;136],1.2649169999999998
T52,5,2843.0921019800835,[20;60;98;136],1.2949579999999998
T52,5,2843.0921019800835,[20;60;98;136],1.237667
T52,5,2843.0921019800835,[20;60;98;136],1.23825
T52,5,2843.0921019800835,[20;60;98;136],1.298792
T52,5,2843.0921019800835,[20;60;98;136],1.296375
T52,5,2843.0921019800835,[20;60;98;136],1.27825
T52,5,2843.0921019800835,[20;60;98;136],1.279625
T52,5,2843.0921019800835,[20;60;98;136],1.3104589999999998
T52,5,2843.0921019800835,[20;60;98;136],1.2366670000000002
T52,5,2843.0921019800835,[20;60;98;136],1.313125
T52,5,2843.0921019800835,[20;60;98;136],1.305833
T52,5,2843.0921019800835,[20;60;98;136],1.31725
T52,5,2843.0921019800835,[20;60;98;136],1.311084
T52,5,2843.0921019800835,[20;60;98;136],1.281042
T52,5,2843.0921019800835,[20;60;98;136],1.253375
T52,5,2843.0921019800835,[20;60;98;136],1.259708
T52,5,2843.0921019800835,[20;60;98;136],1.311416
T52,5,2843.0921019800835,[20;60;98;136],1.3054169999999998
T52,5,2843.0921019800835,[20;60;98;136],1.308583
T52,5,2843.0921019800835,[20;60;98;136],1.333917
T52,5,2843.0921019800835,[20;60;98;136],1.256875
T52,5,2843.0921019800835,[20;60;98;136],1.292417
T52,5,2843.0921019800835,[20;60;98;136],1.227833
T52,5,2843.0921019800835,[20;60;98;136],1.270792
T52,5,2843.0921019800835,[20;60;98;136],1.281334
T22,2,1867.6683260762325,[60],1.774583
T22,2,1867.6683260762325,[60],0.8011659999999999
T22,2,1867.6683260762325,[60],0.651833
T22,2,1867.6683260762325,[60],0.607875
T22,2,1867.6683260762325,[60],0.621833
T22,2,1867.6683260762325,[60],0.6045
T22,2,1867.6683260762325,[60],0.611833
T22,2,1867.6683260762325,[60],0.628084
T22,2,1867.6683260762325,[60],0.607167
T22,2,1867.6683260762325,[60],0.6220829999999999
T22,2,1867.6683260762325,[60],0.619834
T22,2,1867.6683260762325,[60],0.602583
T22,2,1867.6683260762325,[60],0.602292
T22,2,1867.6683260762325,[60],0.622292
T22,2,1867.6683260762325,[60],0.6017079999999999
T22,2,1867.6683260762325,[60],0.618084
T22,2,1867.6683260762325,[60],0.603583
T22,2,1867.6683260762325,[60],0.625334
T22,2,1867.6683260762325,[60],0.599791
T22,2,1867.6683260762325,[60],0.643041
T22,2,1867.6683260762325,[60],0.611708
T22,2,1867.6683260762325,[60],0.62075
T22,2,1867.6683260762325,[60],0.6048330000000001
T22,2,1867.6683260762325,[60],0.6033329999999999
T22,2,1867.6683260762325,[60],0.605791
T22,2,1867.6683260762325,[60],0.628792
T22,2,1867.6683260762325,[60],0.614666
T22,2,1867.6683260762325,[60],0.599916
T22,2,1867.6683260762325,[60],0.5967910000000001
T22,2,1867.6683260762325,[60],0.604041
T22,3,2147.3730143469375,[33;95],0.79475
T22,3,2147.3730143469375,[33;95],0.781917
T22,3,2147.3730143469375,[33;95],0.7991250000000001
T22,3,2147.3730143469375,[33;95],0.785833
T22,3,2147.3730143469375,[33;95],0.831375
T22,3,2147.3730143469375,[33;95],0.781041
T22,3,2147.3730143469375,[33;95],0.912583
T22,3,2147.3730143469375,[33;95],0.7822089999999999
T22,3,2147.3730143469375,[33;95],0.7805000000000001
T22,3,2147.3730143469375,[33;95],0.793833
T22,3,2147.3730143469375,[33;95],0.802292
T22,3,2147.3730143469375,[33;95],0.807875
T22,3,2147.3730143469375,[33;95],0.786083
T22,3,2147.3730143469375,[33;95],0.84525
T22,3,2147.3730143469375,[33;95],0.777583
T22,3,2147.3730143469375,[33;95],0.7886669999999999
T22,3,2147.3730143469375,[33;95],0.7829999999999999
T22,3,2147.3730143469375,[33;95],0.8346669999999999
T22,3,2147.3730143469375,[33;95],0.781709
T22,3,2147.3730143469375,[33;95],0.804459
T22,3,2147.3730143469375,[33;95],0.7811250000000001
T22,3,2147.3730143469375,[33;95],0.792667
T22,3,2147.3730143469375,[33;95],0.80675
T22,3,2147.3730143469375,[33;95],0.7827500000000001
T22,3,2147.3730143469375,[33;95],0.837375
T22,3,2147.3730143469375,[33;95],0.793708
T22,3,2147.3730143469375,[33;95],0.782666
T22,3,2147.3730143469375,[33;95],0.787125
T22,3,2147.3730143469375,[33;95],0.790041
T22,3,2147.3730143469375,[33;95],0.808666
T22,4,2251.874249300744,[22;65;115],0.904584
T22,4,2251.874249300744,[22;65;115],0.916667
T22,4,2251.874249300744,[22;65;115],0.945333
T22,4,2251.874249300744,[22;65;115],0.899917
T22,4,2251.874249300744,[22;65;115],0.917667
T22,4,2251.874249300744,[22;65;115],0.9063749999999999
T22,4,2251.874249300744,[22;65;115],0.904333
T22,4,2251.874249300744,[22;65;115],0.9323330000000001
T22,4,2251.874249300744,[22;65;115],0.904042
T22,4,2251.874249300744,[22;65;115],0.933209
T22,4,2251.874249300744,[22;65;115],0.8995420000000001
T22,4,2251.874249300744,[22;65;115],0.898834
T22,4,2251.874249300744,[22;65;115],0.915791
T22,4,2251.874249300744,[22;65;115],0.909208
T22,4,2251.874249300744,[22;65;115],0.9096249999999999
T22,4,2251.874249300744,[22;65;115],0.930125
T22,4,2251.874249300744,[22;65;115],0.922041
T22,4,2251.874249300744,[22;65;115],0.916875
T22,4,2251.874249300744,[22;65;115],0.906333
T22,4,2251.874249300744,[22;65;115],0.902
T22,4,2251.874249300744,[22;65;115],0.932917
T22,4,2251.874249300744,[22;65;115],0.90725
T22,4,2251.874249300744,[22;65;115],0.900667
T22,4,2251.874249300744,[22;65;115],0.9223750000000001
T22,4,2251.874249300744,[22;65;115],0.906333
T22,4,2251.874249300744,[22;65;115],0.908833
T22,4,2251.874249300744,[22;65;115],0.8995420000000001
T22,4,2251.874249300744,[22;65;115],0.885375
T22,4,2251.874249300744,[22;65;115],0.945334
T22,4,2251.874249300744,[22;65;115],0.899083
T22,5,2291.026284136747,[18;51;86;125],1.3178750000000001
T22,5,2291.026284136747,[18;51;86;125],1.251417
T22,5,2291.026284136747,[18;51;86;125],1.310834
T22,5,2291.026284136747,[18;51;86;125],1.353708
T22,5,2291.026284136747,[18;51;86;125],1.426083
T22,5,2291.026284136747,[18;51;86;125],1.3485
T22,5,2291.026284136747,[18;51;86;125],1.2717500000000002
T22,5,2291.026284136747,[18;51;86;125],1.422333
T22,5,2291.026284136747,[18;51;86;125],1.384666
T22,5,2291.026284136747,[18;51;86;125],1.3265
T22,5,2291.026284136747,[18;51;86;125],1.317041
T22,5,2291.026284136747,[18;51;86;125],1.351583
T22,5,2291.026284136747,[18;51;86;125],1.3055
T22,5,2291.026284136747,[18;51;86;125],1.352833
T22,5,2291.026284136747,[18;51;86;125],1.356625
T22,5,2291.026284136747,[18;51;86;125],1.340083
T22,5,2291.026284136747,[18;51;86;125],1.30375
T22,5,2291.026284136747,[18;51;86;125],1.337417
T22,5,2291.026284136747,[18;51;86;125],1.3005
T22,5,2291.026284136747,[18;51;86;125],1.3242079999999998
T22,5,2291.026284136747,[18;51;86;125],1.300084
T22,5,2291.026284136747,[18;51;86;125],1.3145
T22,5,2291.026284136747,[18;51;86;125],1.278708
T22,5,2291.026284136747,[18;51;86;125],1.4289159999999999
T22,5,2291.026284136747,[18;51;86;125],1.3110419999999998
T22,5,2291.026284136747,[18;51;86;125],1.331167
T22,5,2291.026284136747,[18;51;86;125],1.323667
T22,5,2291.026284136747,[18;51;86;125],1.324333
T22,5,2291.026284136747,[18;51;86;125],1.380792
T22,5,2291.026284136747,[18;51;86;125],1.3310410000000001
T32,2,2179.359072775789,[60],1.0985
T32,2,2179.359072775789,[60],0.728708
T32,2,2179.359072775789,[60],0.639166
T32,2,2179.359072775789,[60],0.6199169999999999
T32,2,2179.359072775789,[60],0.6377079999999999
T32,2,2179.359072775789,[60],0.604084
T32,2,2179.359072775789,[60],0.604208
T32,2,2179.359072775789,[60],0.645166
T32,2,2179.359072775789,[60],0.606333
T32,2,2179.359072775789,[60],0.601
T32,2,2179.359072775789,[60],0.60175
T32,2,2179.359072775789,[60],0.6350410000000001
T32,2,2179.359072775789,[60],0.598584
T32,2,2179.359072775789,[60],0.604583
T32,2,2179.359072775789,[60],0.623417
T32,2,2179.359072775789,[60],0.610208
T32,2,2179.359072775789,[60],0.624958
T32,2,2179.359072775789,[60],0.611917
T32,2,2179.359072775789,[60],0.639708
T32,2,2179.359072775789,[60],0.6154170000000001
T32,2,2179.359072775789,[60],0.607459
T32,2,2179.359072775789,[60],0.629833
T32,2,2179.359072775789,[60],0.60775
T32,2,2179.359072775789,[60],0.6395
T32,2,2179.359072775789,[60],0.6018749999999999
T32,2,2179.359072775789,[60],0.609167
T32,2,2179.359072775789,[60],0.6006250000000001
T32,2,2179.359072775789,[60],0.607167
T32,2,2179.359072775789,[60],0.6229579999999999
T32,2,2179.359072775789,[60],0.6055
T32,3,2456.6951436782965,[42;109],0.848
T32,3,2456.6951436782965,[42;109],0.8129580000000001
T32,3,2456.6951436782965,[42;109],0.814709
T32,3,2456.6951436782965,[42;109],0.8116669999999999
T32,3,2456.6951436782965,[42;109],0.813042
T32,3,2456.6951436782965,[42;109],0.8700840000000001
T32,3,2456.6951436782965,[42;109],0.811208
T32,3,2456.6951436782965,[42;109],0.811083
T32,3,2456.6951436782965,[42;109],0.8099999999999999
T32,3,2456.6951436782965,[42;109],0.8232499999999999
T32,3,2456.6951436782965,[42;109],0.8052079999999999
T32,3,2456.6951436782965,[42;109],0.823292
T32,3,2456.6951436782965,[42;109],0.834041
T32,3,2456.6951436782965,[42;109],0.8247089999999999
T32,3,2456.6951436782965,[42;109],0.815584
T32,3,2456.6951436782965,[42;109],0.8220000000000001
T32,3,2456.6951436782965,[42;109],0.826125
T32,3,2456.6951436782965,[42;109],0.841583
T32,3,2456.6951436782965,[42;109],0.813959
T32,3,2456.6951436782965,[42;109],0.827375
T32,3,2456.6951436782965,[42;109],0.818458
T32,3,2456.6951436782965,[42;109],0.818458
T32,3,2456.6951436782965,[42;109],0.824875
T32,3,2456.6951436782965,[42;109],0.813875
T32,3,2456.6951436782965,[42;109],0.82075
T32,3,2456.6951436782965,[42;109],0.8195410000000001
T32,3,2456.6951436782965,[42;109],0.87175
T32,3,2456.6951436782965,[42;109],0.8132499999999999
T32,3,2456.6951436782965,[42;109],0.857
T32,3,2456.6951436782965,[42;109],0.8089580000000001
T32,4,2575.6191428132306,[23;68;120],0.9485
T32,4,2575.6191428132306,[23;68;120],0.9226669999999999
T32,4,2575.6191428132306,[23;68;120],0.90925
T32,4,2575.6191428132306,[23;68;120],0.932708
T32,4,2575.6191428132306,[23;68;120],0.9332919999999999
T32,4,2575.6191428132306,[23;68;120],0.914125
T32,4,2575.6191428132306,[23;68;120],0.961458
T32,4,2575.6191428132306,[23;68;120],0.950792
T32,4,2575.6191428132306,[23;68;120],0.938333
T32,4,2575.6191428132306,[23;68;120],0.922333
T32,4,2575.6191428132306,[23;68;120],0.940209
T32,4,2575.6191428132306,[23;68;120],0.964542
T32,4,2575.6191428132306,[23;68;120],0.887209
T32,4,2575.6191428132306,[23;68;120],0.9914170000000001
T32,4,2575.6191428132306,[23;68;120],0.900166
T32,4,2575.6191428132306,[23;68;120],0.904917
T32,4,2575.6191428132306,[23;68;120],0.9123749999999999
T32,4,2575.6191428132306,[23;68;120],0.948458
T32,4,2575.6191428132306,[23;68;120],0.890708
T32,4,2575.6191428132306,[23;68;120],0.9012920000000001
T32,4,2575.6191428132306,[23;68;120],0.9031669999999999
T32,4,2575.6191428132306,[23;68;120],0.889125
T32,4,2575.6191428132306,[23;68;120],0.918166
T32,4,2575.6191428132306,[23;68;120],0.9381250000000001
T32,4,2575.6191428132306,[23;68;120],0.904209
T32,4,2575.6191428132306,[23;68;120],0.912875
T32,4,2575.6191428132306,[23;68;120],1.0072919999999999
T32,4,2575.6191428132306,[23;68;120],1.011417
T32,4,2575.6191428132306,[23;68;120],0.897792
T32,4,2575.6191428132306,[23;68;120],0.97375
T32,5,2613.9011459580165,[19;56;92;131],1.335958
T32,5,2613.9011459580165,[19;56;92;131],1.331667
T32,5,2613.9011459580165,[19;56;92;131],1.3068330000000001
T32,5,2613.9011459580165,[19;56;92;131],1.388083
T32,5,2613.9011459580165,[19;56;92;131],1.33525
T32,5,2613.9011459580165,[19;56;92;131],1.3422919999999998
T32,5,2613.9011459580165,[19;56;92;131],1.3383340000000001
T32,5,2613.9011459580165,[19;56;92;131],1.423875
T32,5,2613.9011459580165,[19;56;92;131],1.401875
T32,5,2613.9011459580165,[19;56;92;131],1.406625
T32,5,2613.9011459580165,[19;56;92;131],1.4187500000000002
T32,5,2613.9011459580165,[19;56;92;131],1.321291
T32,5,2613.9011459580165,[19;56;92;131],1.359083
T32,5,2613.9011459580165,[19;56;92;131],1.307459
T32,5,2613.9011459580165,[19;56;92;131],1.3776249999999999
T32,5,2613.9011459580165,[19;56;92;131],1.331
T32,5,2613.9011459580165,[19;56;92;131],1.332
T32,5,2613.9011459580165,[19;56;92;131],1.381292
T32,5,2613.9011459580165,[19;56;92;131],1.347208
T32,5,2613.9011459580165,[19;56;92;131],1.398459
T32,5,2613.9011459580165,[19;56;92;131],1.394666
T32,5,2613.9011459580165,[19;56;92;131],1.31625
T32,5,2613.9011459580165,[19;56;92;131],1.3582500000000002
T32,5,2613.9011459580165,[19;56;92;131],1.3947910000000001
T32,5,2613.9011459580165,[19;56;92;131],1.3455
T32,5,2613.9011459580165,[19;56;92;131],1.321666
T32,5,2613.9011459580165,[19;56;92;131],1.322083
T32,5,2613.9011459580165,[19;56;92;131],1.353625
T32,5,2613.9011459580165,[19;56;92;131],1.3535000000000001
T32,5,2613.9011459580165,[19;56;92;131],1.31
T62,2,2729.687288825826,[60],1.556583
T62,2,2729.687288825826,[60],0.7683749999999999
T62,2,2729.687288825826,[60],1.347208
T62,2,2729.687288825826,[60],0.6221669999999999
T62,2,2729.687288825826,[60],0.6399170000000001
T62,2,2729.687288825826,[60],0.641625
T62,2,2729.687288825826,[60],0.603917
T62,2,2729.687288825826,[60],0.622791
T62,2,2729.687288825826,[60],0.619333
T62,2,2729.687288825826,[60],0.634916
T62,2,2729.687288825826,[60],0.598541
T62,2,2729.687288825826,[60],0.598209
T62,2,2729.687288825826,[60],0.6100409999999999
T62,2,2729.687288825826,[60],0.6485
T62,2,2729.687288825826,[60],0.639959
T62,2,2729.687288825826,[60],0.607417
T62,2,2729.687288825826,[60],0.6128750000000001
T62,2,2729.687288825826,[60],1.09875
T62,2,2729.687288825826,[60],0.6776669999999999
T62,2,2729.687288825826,[60],0.601
T62,2,2729.687288825826,[60],0.6149169999999999
T62,2,2729.687288825826,[60],0.626084
T62,2,2729.687288825826,[60],0.6290830000000001
T62,2,2729.687288825826,[60],0.633875
T62,2,2729.687288825826,[60],0.650167
T62,2,2729.687288825826,[60],0.635458
T62,2,2729.687288825826,[60],0.608417
T62,2,2729.687288825826,[60],0.6399170000000001
T62,2,2729.687288825826,[60],0.612416
T62,2,2729.687288825826,[60],0.604666
T62,3,3187.037576245214,[47;122],0.871666
T62,3,3187.037576245214,[47;122],0.820209
T62,3,3187.037576245214,[47;122],0.812916
T62,3,3187.037576245214,[47;122],0.821917
T62,3,3187.037576245214,[47;122],0.816291
T62,3,3187.037576245214,[47;122],0.871
T62,3,3187.037576245214,[47;122],0.839375
T62,3,3187.037576245214,[47;122],0.807666
T62,3,3187.037576245214,[47;122],0.800542
T62,3,3187.037576245214,[47;122],0.859792
T62,3,3187.037576245214,[47;122],0.82875
T62,3,3187.037576245214,[47;122],0.8282079999999999
T62,3,3187.037576245214,[47;122],0.805333
T62,3,3187.037576245214,[47;122],0.810167
T62,3,3187.037576245214,[47;122],0.861083
T62,3,3187.037576245214,[47;122],0.824875
T62,3,3187.037576245214,[47;122],0.865583
T62,3,3187.037576245214,[47;122],0.8099999999999999
T62,3,3187.037576245214,[47;122],0.820875
T62,3,3187.037576245214,[47;122],0.804292
T62,3,3187.037576245214,[47;122],0.819708
T62,3,3187.037576245214,[47;122],1.362959
T62,3,3187.037576245214,[47;122],0.803083
T62,3,3187.037576245214,[47;122],0.808125
T62,3,3187.037576245214,[47;122],0.825458
T62,3,3187.037576245214,[47;122],0.8204170000000001
T62,3,3187.037576245214,[47;122],0.805959
T62,3,3187.037576245214,[47;122],0.8076249999999999
T62,3,3187.037576245214,[47;122],0.823625
T62,3,3187.037576245214,[47;122],0.829
T62,4,3305.0570538725187,[40;97;146],0.907709
T62,4,3305.0570538725187,[40;97;146],1.0875
T62,4,3305.0570538725187,[40;97;146],0.89275
T62,4,3305.0570538725187,[40;97;146],0.864542
T62,4,3305.0570538725187,[40;97;146],0.858208
T62,4,3305.0570538725187,[40;97;146],0.906333
T62,4,3305.0570538725187,[40;97;146],0.867333
T62,4,3305.0570538725187,[40;97;146],0.851125
T62,4,3305.0570538725187,[40;97;146],0.8696659999999999
T62,4,3305.0570538725187,[40;97;146],0.877708
T62,4,3305.0570538725187,[40;97;146],0.893709
T62,4,3305.0570538725187,[40;97;146],0.8703339999999999
T62,4,3305.0570538725187,[40;97;146],0.871375
T62,4,3305.0570538725187,[40;97;146],0.862
T62,4,3305.0570538725187,[40;97;146],0.864208
T62,4,3305.0570538725187,[40;97;146],0.865333
T62,4,3305.0570538725187,[40;97;146],0.8644580000000001
T62,4,3305.0570538725187,[40;97;146],0.92775
T62,4,3305.0570538725187,[40;97;146],0.8670420000000001
T62,4,3305.0570538725187,[40;97;146],0.8981250000000001
T62,4,3305.0570538725187,[40;97;146],0.879
T62,4,3305.0570538725187,[40;97;146],0.886709
T62,4,3305.0570538725187,[40;97;146],0.891042
T62,4,3305.0570538725187,[40;97;146],0.8989999999999999
T62,4,3305.0570538725187,[40;97;146],1.4638749999999998
T62,4,3305.0570538725187,[40;97;146],0.917083
T62,4,3305.0570538725187,[40;97;146],1.6318750000000002
T62,4,3305.0570538725187,[40;97;146],0.880584
T62,4,3305.0570538725187,[40;97;146],0.858416
T62,4,3305.0570538725187,[40;97;146],0.863375
T62,5,3364.2736588700536,[21;63;105;152],1.342375
T62,5,3364.2736588700536,[21;63;105;152],1.381209
T62,5,3364.2736588700536,[21;63;105;152],1.31075
T62,5,3364.2736588700536,[21;63;105;152],1.3550840000000002
T62,5,3364.2736588700536,[21;63;105;152],1.3638750000000002
T62,5,3364.2736588700536,[21;63;105;152],1.319333
T62,5,3364.2736588700536,[21;63;105;152],1.329666
T62,5,3364.2736588700536,[21;63;105;152],1.3952909999999998
T62,5,3364.2736588700536,[21;63;105;152],1.3696249999999999
T62,5,3364.2736588700536,[21;63;105;152],1.378333
T62,5,3364.2736588700536,[21;63;105;152],1.373708
T62,5,3364.2736588700536,[21;63;105;152],1.4146670000000001
T62,5,3364.2736588700536,[21;63;105;152],1.421083
T62,5,3364.2736588700536,[21;63;105;152],1.411875
T62,5,3364.2736588700536,[21;63;105;152],1.370125
T62,5,3364.2736588700536,[21;63;105;152],1.3882079999999999
T62,5,3364.2736588700536,[21;63;105;152],1.3389160000000002
T62,5,3364.2736588700536,[21;63;105;152],1.431042
T62,5,3364.2736588700536,[21;63;105;152],1.434125
T62,5,3364.2736588700536,[21;63;105;152],1.379291
T62,5,3364.2736588700536,[21;63;105;152],1.407291
T62,5,3364.2736588700536,[21;63;105;152],1.3747500000000001
T62,5,3364.2736588700536,[21;63;105;152],1.361833
T62,5,3364.2736588700536,[21;63;105;152],1.481667
T62,5,3364.2736588700536,[21;63;105;152],1.3751250000000002
T62,5,3364.2736588700536,[21;63;105;152],1.415125
T62,5,3364.2736588700536,[21;63;105;152],1.3825420000000002
T62,5,3364.2736588700536,[21;63;105;152],1.353667
T62,5,3364.2736588700536,[21;63;105;152],1.3635410000000001
T62,5,3364.2736588700536,[21;63;105;152],1.3722079999999999
images,2,1111.6461620293094,[208],2.2915840000000003
images,2,1111.6461620293094,[208],1.015375
images,2,1111.6461620293094,[208],0.8718330000000001
images,2,1111.6461620293094,[208],0.8445
images,2,1111.6461620293094,[208],0.870291
images,2,1111.6461620293094,[208],0.862916
images,2,1111.6461620293094,[208],0.828375
images,2,1111.6461620293094,[208],0.831458
images,2,1111.6461620293094,[208],0.917167
images,2,1111.6461620293094,[208],0.839584
images,2,1111.6461620293094,[208],0.912666
images,2,1111.6461620293094,[208],0.8713329999999999
images,2,1111.6461620293094,[208],0.893667
images,2,1111.6461620293094,[208],0.8941659999999999
images,2,1111.6461620293094,[208],0.850833
images,2,1111.6461620293094,[208],0.8315
images,2,1111.6461620293094,[208],0.83425
images,2,1111.6461620293094,[208],0.857917
images,2,1111.6461620293094,[208],0.909541
images,2,1111.6461620293094,[208],0.837666
images,2,1111.6461620293094,[208],0.925417
images,2,1111.6461620293094,[208],0.8602920000000001
images,2,1111.6461620293094,[208],0.856458
images,2,1111.6461620293094,[208],0.8312919999999999
images,2,1111.6461620293094,[208],0.867084
images,2,1111.6461620293094,[208],0.926292
images,2,1111.6461620293094,[208],0.859375
images,2,1111.6461620293094,[208],0.884625
images,2,1111.6461620293094,[208],0.835667
images,2,1111.6461620293094,[208],0.82975
images,3,1261.8768295896787,[141;211],1.09925
images,3,1261.8768295896787,[141;211],1.081083
images,3,1261.8768295896787,[141;211],1.065166
images,3,1261.8768295896787,[141;211],1.0972499999999998
images,3,1261.8768295896787,[141;211],1.0560420000000001
images,3,1261.8768295896787,[141;211],1.084167
images,3,1261.8768295896787,[141;211],1.0571249999999999
images,3,1261.8768295896787,[141;211],1.0983340000000001
images,3,1261.8768295896787,[141;211],1.1039999999999999
images,3,1261.8768295896787,[141;211],1.127875
images,3,1261.8768295896787,[141;211],1.0627499999999999
images,3,1261.8768295896787,[141;211],1.112416
images,3,1261.8768295896787,[141;211],1.1329580000000001
images,3,1261.8768295896787,[141;211],1.068458
images,3,1261.8768295896787,[141;211],1.068792
images,3,1261.8768295896787,[141;211],1.065125
images,3,1261.8768295896787,[141;211],1.0556249999999998
images,3,1261.8768295896787,[141;211],1.0980409999999998
images,3,1261.8768295896787,[141;211],1.073209
images,3,1261.8768295896787,[141;211],1.073375
images,3,1261.8768295896787,[141;211],1.1257089999999998
images,3,1261.8768295896787,[141;211],1.082291
images,3,1261.8768295896787,[141;211],1.070459
images,3,1261.8768295896787,[141;211],1.125125
images,3,1261.8768295896787,[141;211],2.928375
images,3,1261.8768295896787,[141;211],1.107292
images,3,1261.8768295896787,[141;211],1.0777079999999999
images,3,1261.8768295896787,[141;211],1.0709160000000002
images,3,1261.8768295896787,[141;211],1.060958
images,3,1261.8768295896787,[141;211],1.0572920000000001
images,4,1363.0340123807196,[135;188;225],1.154792
images,4,1363.0340123807196,[135;188;225],1.17775
images,4,1363.0340123807196,[135;188;225],1.150875
images,4,1363.0340123807196,[135;188;225],1.1857499999999999
images,4,1363.0340123807196,[135;188;225],1.1171250000000001
images,4,1363.0340123807196,[135;188;225],1.110792
images,4,1363.0340123807196,[135;188;225],1.138667
images,4,1363.0340123807196,[135;188;225],1.117917
images,4,1363.0340123807196,[135;188;225],1.120542
images,4,1363.0340123807196,[135;188;225],1.146125
images,4,1363.0340123807196,[135;188;225],1.1495
images,4,1363.0340123807196,[135;188;225],1.125667
images,4,1363.0340123807196,[135;188;225],1.194791
images,4,1363.0340123807196,[135;188;225],1.125625
images,4,1363.0340123807196,[135;188;225],1.937917
images,4,1363.0340123807196,[135;188;225],1.2005830000000002
images,4,1363.0340123807196,[135;188;225],1.147459
images,4,1363.0340123807196,[135;188;225],1.159584
images,4,1363.0340123807196,[135;188;225],1.126875
images,4,1363.0340123807196,[135;188;225],1.1965000000000001
images,4,1363.0340123807196,[135;188;225],1.1463750000000001
images,4,1363.0340123807196,[135;188;225],1.203125
images,4,1363.0340123807196,[135;188;225],1.1540000000000001
images,4,1363.0340123807196,[135;188;225],1.140959
images,4,1363.0340123807196,[135;188;225],1.13375
images,4,1363.0340123807196,[135;188;225],1.129375
images,4,1363.0340123807196,[135;188;225],1.131792
images,4,1363.0340123807196,[135;188;225],1.14
images,4,1363.0340123807196,[135;188;225],1.169375
images,4,1363.0340123807196,[135;188;225],1.203792
images,5,1395.81551101375,[131;178;204;233],1.754791
images,5,1395.81551101375,[131;178;204;233],1.712042
images,5,1395.81551101375,[131;178;204;233],1.720917
images,5,1395.81551101375,[131;178;204;233],1.8235409999999999
images,5,1395.81551101375,[131;178;204;233],1.7750000000000001
images,5,1395.81551101375,[131;178;204;233],1.8165
images,5,1395.81551101375,[131;178;204;233],1.718667
images,5,1395.81551101375,[131;178;204;233],1.7730000000000001
images,5,1395.81551101375,[131;178;204;233],1.709584
images,5,1395.81551101375,[131;178;204;233],1.779416
images,5,1395.81551101375,[131;178;204;233],3.872583
images,5,1395.81551101375,[131;178;204;233],1.769458
images,5,1395.81551101375,[131;178;204;233],1.807541
images,5,1395.81551101375,[131;178;204;233],1.7481669999999998
images,5,1395.81551101375,[131;178;204;233],1.794125
images,5,1395.81551101375,[131;178;204;233],1.806667
images,5,1395.81551101375,[131;178;204;233],1.7340840000000002
images,5,1395.81551101375,[131;178;204;233],1.807625
images,5,1395.81551101375,[131;178;204;233],1.759666
images,5,1395.81551101375,[131;178;204;233],1.818708
images,5,1395.81551101375,[131;178;204;233],1.803584
images,5,1395.81551101375,[131;178;204;233],1.804834
images,5,1395.81551101375,[131;178;204;233],1.7138749999999998
images,5,1395.81551101375,[131;178;204;233],1.774667
images,5,1395.81551101375,[131;178;204;233],1.776458
images,5,1395.81551101375,[131;178;204;233],1.717875
images,5,1395.81551101375,[131;178;204;233],1.7090409999999998
images,5,1395.81551101375,[131;178;204;233],1.8140420000000002
images,5,1395.81551101375,[131;178;204;233],1.7455420000000001
images,5,1395.81551101375,[131;178;204;233],1.809334
