T62,2,2729.687288825826,[60],6.623334
T62,2,2729.687288825826,[60],5.160459
T62,2,2729.687288825826,[60],4.636875000000001
T62,2,2729.687288825826,[60],4.64675
T62,2,2729.687288825826,[60],4.562667
T62,2,2729.687288825826,[60],4.422958
T62,2,2729.687288825826,[60],4.534083000000001
T62,2,2729.687288825826,[60],4.5210420000000004
T62,2,2729.687288825826,[60],4.477458
T62,2,2729.687288825826,[60],4.507083000000001
T62,2,2729.687288825826,[60],4.5683750000000005
T62,2,2729.687288825826,[60],4.490208
T62,2,2729.687288825826,[60],4.537707999999999
T62,2,2729.687288825826,[60],4.640583
T62,2,2729.687288825826,[60],4.474208
T62,2,2729.687288825826,[60],4.528875
T62,2,2729.687288825826,[60],4.4782090000000006
T62,2,2729.687288825826,[60],4.789416999999999
T62,2,2729.687288825826,[60],4.531083
T62,2,2729.687288825826,[60],4.647292
T62,2,2729.687288825826,[60],4.499375
T62,2,2729.687288825826,[60],4.510333
T62,2,2729.687288825826,[60],4.547458
T62,2,2729.687288825826,[60],4.511334
T62,2,2729.687288825826,[60],4.589209
T62,2,2729.687288825826,[60],4.596625
T62,2,2729.687288825826,[60],4.581499999999999
T62,2,2729.687288825826,[60],4.563417
T62,2,2729.687288825826,[60],4.574958
T62,2,2729.687288825826,[60],4.549042
T62,3,3187.037576245214,[47;122],10.452375
T62,3,3187.037576245214,[47;122],10.16325
T62,3,3187.037576245214,[47;122],10.072
T62,3,3187.037576245214,[47;122],10.219249999999999
T62,3,3187.037576245214,[47;122],10.850958
T62,3,3187.037576245214,[47;122],10.219292
T62,3,3187.037576245214,[47;122],10.512791
T62,3,3187.037576245214,[47;122],10.557792
T62,3,3187.037576245214,[47;122],10.426416000000001
T62,3,3187.037576245214,[47;122],10.476459
T62,3,3187.037576245214,[47;122],10.539542
T62,3,3187.037576245214,[47;122],10.167916
T62,3,3187.037576245214,[47;122],10.361208
T62,3,3187.037576245214,[47;122],10.522625000000001
T62,3,3187.037576245214,[47;122],10.481625
T62,3,3187.037576245214,[47;122],10.237124999999999
T62,3,3187.037576245214,[47;122],10.511
T62,3,3187.037576245214,[47;122],10.327584000000002
T62,3,3187.037576245214,[47;122],10.297042
T62,3,3187.037576245214,[47;122],10.156708
T62,3,3187.037576245214,[47;122],10.236749999999999
T62,3,3187.037576245214,[47;122],10.322
T62,3,3187.037576245214,[47;122],10.112334
T62,3,3187.037576245214,[47;122],10.335458000000001
T62,3,3187.037576245214,[47;122],10.483917
T62,3,3187.037576245214,[47;122],10.120917
T62,3,3187.037576245214,[47;122],10.321125
T62,3,3187.037576245214,[47;122],10.341166000000001
T62,3,3187.037576245214,[47;122],10.396958
T62,3,3187.037576245214,[47;122],10.377292
T62,4,3305.0570538725187,[40;97;146],14.939167
T62,4,3305.0570538725187,[40;97;146],14.6585
T62,4,3305.0570538725187,[40;97;146],14.992791
T62,4,3305.0570538725187,[40;97;146],14.920292
T62,4,3305.0570538725187,[40;97;146],15.168375
T62,4,3305.0570538725187,[40;97;146],15.001667
T62,4,3305.0570538725187,[40;97;146],14.923334
T62,4,3305.0570538725187,[40;97;146],15.340958
T62,4,3305.0570538725187,[40;97;146],15.080375
T62,4,3305.0570538725187,[40;97;146],14.976375
T62,4,3305.0570538725187,[40;97;146],14.897666000000001
T62,4,3305.0570538725187,[40;97;146],14.826834
T62,4,3305.0570538725187,[40;97;146],15.119792
T62,4,3305.0570538725187,[40;97;146],14.918875
T62,4,3305.0570538725187,[40;97;146],14.813625
T62,4,3305.0570538725187,[40;97;146],14.929
T62,4,3305.0570538725187,[40;97;146],15.387417000000001
T62,4,3305.0570538725187,[40;97;146],14.987709
T62,4,3305.0570538725187,[40;97;146],14.738541000000001
T62,4,3305.0570538725187,[40;97;146],15.187917
T62,4,3305.0570538725187,[40;97;146],15.162875
T62,4,3305.0570538725187,[40;97;146],14.976667
T62,4,3305.0570538725187,[40;97;146],14.825750000000001
T62,4,3305.0570538725187,[40;97;146],15.207208
T62,4,3305.0570538725187,[40;97;146],15.029708
T62,4,3305.0570538725187,[40;97;146],14.830124999999999
T62,4,3305.0570538725187,[40;97;146],15.100957999999999
T62,4,3305.0570538725187,[40;97;146],15.101917
T62,4,3305.0570538725187,[40;97;146],14.862708000000001
T62,4,3305.0570538725187,[40;97;146],15.47175
T62,5,3364.2736588700536,[21;63;105;152],26.566834
T62,5,3364.2736588700536,[21;63;105;152],25.852291
T62,5,3364.2736588700536,[21;63;105;152],25.933457999999998
T62,5,3364.2736588700536,[21;63;105;152],25.944542000000002
T62,5,3364.2736588700536,[21;63;105;152],24.881
T62,5,3364.2736588700536,[21;63;105;152],26.843958
T62,5,3364.2736588700536,[21;63;105;152],26.682083
T62,5,3364.2736588700536,[21;63;105;152],24.798833
T62,5,3364.2736588700536,[21;63;105;152],24.849875
T62,5,3364.2736588700536,[21;63;105;152],34.474208
T62,5,3364.2736588700536,[21;63;105;152],26.426125000000003
T62,5,3364.2736588700536,[21;63;105;152],26.413542000000003
T62,5,3364.2736588700536,[21;63;105;152],26.128
T62,5,3364.2736588700536,[21;63;105;152],25.492791
T62,5,3364.2736588700536,[21;63;105;152],26.455083000000002
T62,5,3364.2736588700536,[21;63;105;152],26.569333
T62,5,3364.2736588700536,[21;63;105;152],27.797292000000002
T62,5,3364.2736588700536,[21;63;105;152],24.701084
T62,5,3364.2736588700536,[21;63;105;152],25.896833
T62,5,3364.2736588700536,[21;63;105;152],24.660416
T62,5,3364.2736588700536,[21;63;105;152],26.351792
T62,5,3364.2736588700536,[21;63;105;152],26.479041
T62,5,3364.2736588700536,[21;63;105;152],25.660292000000002
T62,5,3364.2736588700536,[21;63;105;152],26.441041
T62,5,3364.2736588700536,[21;63;105;152],26.544124999999998
T62,5,3364.2736588700536,[21;63;105;152],24.315458000000003
T62,5,3364.2736588700536,[21;63;105;152],26.546833
T62,5,3364.2736588700536,[21;63;105;152],24.695375
T62,5,3364.2736588700536,[21;63;105;152],25.900667
T62,5,3364.2736588700536,[21;63;105;152],25.463458000000003
T42,2,2519.7320041713524,[62],4.669166
T42,2,2519.7320041713524,[62],4.769667
T42,2,2519.7320041713524,[62],4.987542
T42,2,2519.7320041713524,[62],4.643291
T42,2,2519.7320041713524,[62],4.57425
T42,2,2519.7320041713524,[62],4.645209
T42,2,2519.7320041713524,[62],4.5195
T42,2,2519.7320041713524,[62],11.171208
T42,2,2519.7320041713524,[62],4.612875
T42,2,2519.7320041713524,[62],4.445333
T42,2,2519.7320041713524,[62],4.470292
T42,2,2519.7320041713524,[62],4.882875
T42,2,2519.7320041713524,[62],4.723833
T42,2,2519.7320041713524,[62],4.6825
T42,2,2519.7320041713524,[62],4.664583
T42,2,2519.7320041713524,[62],4.724708000000001
T42,2,2519.7320041713524,[62],4.852958999999999
T42,2,2519.7320041713524,[62],4.774125
T42,2,2519.7320041713524,[62],4.749709
T42,2,2519.7320041713524,[62],4.761375
T42,2,2519.7320041713524,[62],4.786417
T42,2,2519.7320041713524,[62],4.846291
T42,2,2519.7320041713524,[62],4.815542
T42,2,2519.7320041713524,[62],4.691917
T42,2,2519.7320041713524,[62],4.477042
T42,2,2519.7320041713524,[62],4.662833
T42,2,2519.7320041713524,[62],4.811583000000001
T42,2,2519.7320041713524,[62],4.774667
T42,2,2519.7320041713524,[62],4.771041
T42,2,2519.7320041713524,[62],4.705166
T42,3,2910.52735569842,[46;120],10.451583000000001
T42,3,2910.52735569842,[46;120],10.626667
T42,3,2910.52735569842,[46;120],10.718958
T42,3,2910.52735569842,[46;120],10.335042
T42,3,2910.52735569842,[46;120],10.831959000000001
T42,3,2910.52735569842,[46;120],10.286
T42,3,2910.52735569842,[46;120],10.5275
T42,3,2910.52735569842,[46;120],10.174542
T42,3,2910.52735569842,[46;120],10.488707999999999
T42,3,2910.52735569842,[46;120],10.425
T42,3,2910.52735569842,[46;120],10.469125
T42,3,2910.52735569842,[46;120],10.611042
T42,3,2910.52735569842,[46;120],10.620709000000002
T42,3,2910.52735569842,[46;120],11.175917
T42,3,2910.52735569842,[46;120],10.846290999999999
T42,3,2910.52735569842,[46;120],10.541375
T42,3,2910.52735569842,[46;120],10.927875
T42,3,2910.52735569842,[46;120],13.578291
T42,3,2910.52735569842,[46;120],10.959875
T42,3,2910.52735569842,[46;120],10.665875
T42,3,2910.52735569842,[46;120],10.83525
T42,3,2910.52735569842,[46;120],10.637625
T42,3,2910.52735569842,[46;120],10.694458000000001
T42,3,2910.52735569842,[46;120],10.619125
T42,3,2910.52735569842,[46;120],10.52625
T42,3,2910.52735569842,[46;120],10.428375
T42,3,2910.52735569842,[46;120],10.852041999999999
T42,3,2910.52735569842,[46;120],10.17325
T42,3,2910.52735569842,[46;120],10.157209
T42,3,2910.52735569842,[46;120],10.233041
T42,4,3019.7422240558694,[29;77;131],16.787834
T42,4,3019.7422240558694,[29;77;131],17.030084000000002
T42,4,3019.7422240558694,[29;77;131],17.098292
T42,4,3019.7422240558694,[29;77;131],17.011417
T42,4,3019.7422240558694,[29;77;131],16.690583
T42,4,3019.7422240558694,[29;77;131],16.709334
T42,4,3019.7422240558694,[29;77;131],17.427333
T42,4,3019.7422240558694,[29;77;131],17.339750000000002
T42,4,3019.7422240558694,[29;77;131],17.192375
T42,4,3019.7422240558694,[29;77;131],16.639792
T42,4,3019.7422240558694,[29;77;131],16.877209
T42,4,3019.7422240558694,[29;77;131],16.93025
T42,4,3019.7422240558694,[29;77;131],25.535208
T42,4,3019.7422240558694,[29;77;131],17.211709
T42,4,3019.7422240558694,[29;77;131],17.139542000000002
T42,4,3019.7422240558694,[29;77;131],16.784541
T42,4,3019.7422240558694,[29;77;131],16.920625
T42,4,3019.7422240558694,[29;77;131],16.647042
T42,4,3019.7422240558694,[29;77;131],16.962709
T42,4,3019.7422240558694,[29;77;131],17.124457999999997
T42,4,3019.7422240558694,[29;77;131],16.987917000000003
T42,4,3019.7422240558694,[29;77;131],17.373708
T42,4,3019.7422240558694,[29;77;131],17.068917
T42,4,3019.7422240558694,[29;77;131],17.011249999999997
T42,4,3019.7422240558694,[29;77;131],17.074541
T42,4,3019.7422240558694,[29;77;131],16.906625000000002
T42,4,3019.7422240558694,[29;77;131],16.815042
T42,4,3019.7422240558694,[29;77;131],16.932125
T42,4,3019.7422240558694,[29;77;131],16.686374999999998
T42,4,3019.7422240558694,[29;77;131],17.057375
T42,5,3078.590079332623,[22;64;108;154],34.8625
T42,5,3078.590079332623,[22;64;108;154],23.626624999999997
T42,5,3078.590079332623,[22;64;108;154],24.02475
T42,5,3078.590079332623,[22;64;108;154],23.683542
T42,5,3078.590079332623,[22;64;108;154],24.205625
T42,5,3078.590079332623,[22;64;108;154],23.988667000000003
T42,5,3078.590079332623,[22;64;108;154],24.785583
T42,5,3078.590079332623,[22;64;108;154],24.709
T42,5,3078.590079332623,[22;64;108;154],24.863083
T42,5,3078.590079332623,[22;64;108;154],24.773083
T42,5,3078.590079332623,[22;64;108;154],24.176040999999998
T42,5,3078.590079332623,[22;64;108;154],23.5835
T42,5,3078.590079332623,[22;64;108;154],24.297417000000003
T42,5,3078.590079332623,[22;64;108;154],24.352875
T42,5,3078.590079332623,[22;64;108;154],24.130540999999997
T42,5,3078.590079332623,[22;64;108;154],23.545375
T42,5,3078.590079332623,[22;64;108;154],24.872458
T42,5,3078.590079332623,[22;64;108;154],25.021958
T42,5,3078.590079332623,[22;64;108;154],24.754
T42,5,3078.590079332623,[22;64;108;154],24.134583000000003
T42,5,3078.590079332623,[22;64;108;154],24.358
T42,5,3078.590079332623,[22;64;108;154],25.013707999999998
T42,5,3078.590079332623,[22;64;108;154],23.329292000000002
T42,5,3078.590079332623,[22;64;108;154],36.66775
T42,5,3078.590079332623,[22;64;108;154],25.057291
T42,5,3078.590079332623,[22;64;108;154],24.238458
T42,5,3078.590079332623,[22;64;108;154],24.794084
T42,5,3078.590079332623,[22;64;108;154],24.2975
T42,5,3078.590079332623,[22;64;108;154],24.935084
T42,5,3078.590079332623,[22;64;108;154],24.128542
T52,2,2380.2713235206493,[57],4.706250000000001
T52,2,2380.2713235206493,[57],4.598
T52,2,2380.2713235206493,[57],4.48325
T52,2,2380.2713235206493,[57],4.248082999999999
T52,2,2380.2713235206493,[57],4.437292
T52,2,2380.2713235206493,[57],4.594
T52,2,2380.2713235206493,[57],4.474875
T52,2,2380.2713235206493,[57],4.44325
T52,2,2380.2713235206493,[57],4.384083
T52,2,2380.2713235206493,[57],4.33725
T52,2,2380.2713235206493,[57],6.395
T52,2,2380.2713235206493,[57],4.337332999999999
T52,2,2380.2713235206493,[57],4.326792
T52,2,2380.2713235206493,[57],4.423709
T52,2,2380.2713235206493,[57],4.49275
T52,2,2380.2713235206493,[57],4.553332999999999
T52,2,2380.2713235206493,[57],4.456875
T52,2,2380.2713235206493,[57],4.349584
T52,2,2380.2713235206493,[57],4.4992920000000005
T52,2,2380.2713235206493,[57],4.381959
T52,2,2380.2713235206493,[57],4.515792
T52,2,2380.2713235206493,[57],4.440709
T52,2,2380.2713235206493,[57],4.246541000000001
T52,2,2380.2713235206493,[57],4.456625
T52,2,2380.2713235206493,[57],4.567875
T52,2,2380.2713235206493,[57],4.434791000000001
T52,2,2380.2713235206493,[57],4.469625
T52,2,2380.2713235206493,[57],4.465709
T52,2,2380.2713235206493,[57],4.2587090000000005
T52,2,2380.2713235206493,[57],4.3979170000000005
T52,3,2694.78343947774,[45;112],10.438875
T52,3,2694.78343947774,[45;112],9.97825
T52,3,2694.78343947774,[45;112],10.390542
T52,3,2694.78343947774,[45;112],10.043
T52,3,2694.78343947774,[45;112],10.310958
T52,3,2694.78343947774,[45;112],9.852292
T52,3,2694.78343947774,[45;112],9.993708999999999
T52,3,2694.78343947774,[45;112],10.295292
T52,3,2694.78343947774,[45;112],10.283666
T52,3,2694.78343947774,[45;112],10.0495
T52,3,2694.78343947774,[45;112],10.339417
T52,3,2694.78343947774,[45;112],10.086375
T52,3,2694.78343947774,[45;112],9.971333000000001
T52,3,2694.78343947774,[45;112],10.107792000000002
T52,3,2694.78343947774,[45;112],9.798958
T52,3,2694.78343947774,[45;112],10.022375
T52,3,2694.78343947774,[45;112],10.087292
T52,3,2694.78343947774,[45;112],10.137125000000001
T52,3,2694.78343947774,[45;112],9.921292
T52,3,2694.78343947774,[45;112],10.11625
T52,3,2694.78343947774,[45;112],10.098917
T52,3,2694.78343947774,[45;112],9.888458
T52,3,2694.78343947774,[45;112],10.311917000000001
T52,3,2694.78343947774,[45;112],10.050458
T52,3,2694.78343947774,[45;112],10.281291
T52,3,2694.78343947774,[45;112],9.882708000000001
T52,3,2694.78343947774,[45;112],10.039708
T52,3,2694.78343947774,[45;112],10.057500000000001
T52,3,2694.78343947774,[45;112],9.968665999999999
T52,3,2694.78343947774,[45;112],9.823459
T52,4,2784.9126493253334,[36;86;129],16.070125
T52,4,2784.9126493253334,[36;86;129],16.133374999999997
T52,4,2784.9126493253334,[36;86;129],16.163542
T52,4,2784.9126493253334,[36;86;129],16.153417
T52,4,2784.9126493253334,[36;86;129],27.519458
T52,4,2784.9126493253334,[36;86;129],16.30825
T52,4,2784.9126493253334,[36;86;129],16.260666
T52,4,2784.9126493253334,[36;86;129],16.0735
T52,4,2784.9126493253334,[36;86;129],16.440167
T52,4,2784.9126493253334,[36;86;129],15.957165999999999
T52,4,2784.9126493253334,[36;86;129],16.015209
T52,4,2784.9126493253334,[36;86;129],16.255665999999998
T52,4,2784.9126493253334,[36;86;129],16.118042
T52,4,2784.9126493253334,[36;86;129],16.175667
T52,4,2784.9126493253334,[36;86;129],15.747541
T52,4,2784.9126493253334,[36;86;129],15.996165999999999
T52,4,2784.9126493253334,[36;86;129],16.484708
T52,4,2784.9126493253334,[36;86;129],16.022958
T52,4,2784.9126493253334,[36;86;129],16.374208000000003
T52,4,2784.9126493253334,[36;86;129],15.832125
T52,4,2784.9126493253334,[36;86;129],16.194209
T52,4,2784.9126493253334,[36;86;129],15.902875
T52,4,2784.9126493253334,[36;86;129],16.13825
T52,4,2784.9126493253334,[36;86;129],27.217083
T52,4,2784.9126493253334,[36;86;129],16.456459
T52,4,2784.9126493253334,[36;86;129],16.666332999999998
T52,4,2784.9126493253334,[36;86;129],15.904041000000001
T52,4,2784.9126493253334,[36;86;129],15.908291000000002
T52,4,2784.9126493253334,[36;86;129],16.079042
T52,4,2784.9126493253334,[36;86;129],16.312375
T52,5,2843.0921019800835,[20;60;98;136],24.529167
T52,5,2843.0921019800835,[20;60;98;136],24.136542000000002
T52,5,2843.0921019800835,[20;60;98;136],25.082375
T52,5,2843.0921019800835,[20;60;98;136],24.147834
T52,5,2843.0921019800835,[20;60;98;136],25.106625
T52,5,2843.0921019800835,[20;60;98;136],24.369374999999998
T52,5,2843.0921019800835,[20;60;98;136],23.70725
T52,5,2843.0921019800835,[20;60;98;136],23.726459
T52,5,2843.0921019800835,[20;60;98;136],24.110708000000002
T52,5,2843.0921019800835,[20;60;98;136],23.49925
T52,5,2843.0921019800835,[20;60;98;136],24.049625000000002
T52,5,2843.0921019800835,[20;60;98;136],24.159084
T52,5,2843.0921019800835,[20;60;98;136],26.4755
T52,5,2843.0921019800835,[20;60;98;136],24.8745
T52,5,2843.0921019800835,[20;60;98;136],24.306958
T52,5,2843.0921019800835,[20;60;98;136],23.359208
T52,5,2843.0921019800835,[20;60;98;136],25.097875
T52,5,2843.0921019800835,[20;60;98;136],24.070749999999997
T52,5,2843.0921019800835,[20;60;98;136],24.888375
T52,5,2843.0921019800835,[20;60;98;136],23.698625
T52,5,2843.0921019800835,[20;60;98;136],25.169292
T52,5,2843.0921019800835,[20;60;98;136],24.063458
T52,5,2843.0921019800835,[20;60;98;136],23.438167
T52,5,2843.0921019800835,[20;60;98;136],23.964541999999998
T52,5,2843.0921019800835,[20;60;98;136],24.710208
T52,5,2843.0921019800835,[20;60;98;136],24.622999999999998
T52,5,2843.0921019800835,[20;60;98;136],23.537291
T52,5,2843.0921019800835,[20;60;98;136],23.878834
T52,5,2843.0921019800835,[20;60;98;136],24.849333
T52,5,2843.0921019800835,[20;60;98;136],24.796708000000002
T22,2,1867.6683260762325,[60],4.017084
T22,2,1867.6683260762325,[60],4.128791
T22,2,1867.6683260762325,[60],3.9305829999999995
T22,2,1867.6683260762325,[60],4.244333
T22,2,1867.6683260762325,[60],4.102084
T22,2,1867.6683260762325,[60],4.188459
T22,2,1867.6683260762325,[60],5.33675
T22,2,1867.6683260762325,[60],4.078416
T22,2,1867.6683260762325,[60],4.173208000000001
T22,2,1867.6683260762325,[60],3.9797499999999997
T22,2,1867.6683260762325,[60],4.164208
T22,2,1867.6683260762325,[60],4.017333
T22,2,1867.6683260762325,[60],4.178916
T22,2,1867.6683260762325,[60],4.043917
T22,2,1867.6683260762325,[60],4.164000000000001
T22,2,1867.6683260762325,[60],4.099625
T22,2,1867.6683260762325,[60],4.0377920000000005
T22,2,1867.6683260762325,[60],4.1672080000000005
T22,2,1867.6683260762325,[60],3.982833
T22,2,1867.6683260762325,[60],4.076791
T22,2,1867.6683260762325,[60],3.9961670000000002
T22,2,1867.6683260762325,[60],4.186792
T22,2,1867.6683260762325,[60],3.9870419999999998
T22,2,1867.6683260762325,[60],4.1032079999999995
T22,2,1867.6683260762325,[60],3.9858330000000004
T22,2,1867.6683260762325,[60],4.079458
T22,2,1867.6683260762325,[60],4.1995000000000005
T22,2,1867.6683260762325,[60],3.92075
T22,2,1867.6683260762325,[60],4.191166
T22,2,1867.6683260762325,[60],4.043915999999999
T22,3,2147.3730143469375,[33;95],9.545542000000001
T22,3,2147.3730143469375,[33;95],9.508458
T22,3,2147.3730143469375,[33;95],9.343667
T22,3,2147.3730143469375,[33;95],9.604916
T22,3,2147.3730143469375,[33;95],9.286249999999999
T22,3,2147.3730143469375,[33;95],9.262457999999999
T22,3,2147.3730143469375,[33;95],9.587583
T22,3,2147.3730143469375,[33;95],9.332666
T22,3,2147.3730143469375,[33;95],9.552708
T22,3,2147.3730143469375,[33;95],9.296042
T22,3,2147.3730143469375,[33;95],19.758582999999998
T22,3,2147.3730143469375,[33;95],9.645707999999999
T22,3,2147.3730143469375,[33;95],9.227833
T22,3,2147.3730143469375,[33;95],9.248959
T22,3,2147.3730143469375,[33;95],9.224959
T22,3,2147.3730143469375,[33;95],9.5495
T22,3,2147.3730143469375,[33;95],9.502792
T22,3,2147.3730143469375,[33;95],9.382625
T22,3,2147.3730143469375,[33;95],9.362709
T22,3,2147.3730143469375,[33;95],9.555208
T22,3,2147.3730143469375,[33;95],9.480834
T22,3,2147.3730143469375,[33;95],9.123208
T22,3,2147.3730143469375,[33;95],9.478
T22,3,2147.3730143469375,[33;95],9.368542
T22,3,2147.3730143469375,[33;95],9.463375
T22,3,2147.3730143469375,[33;95],9.381458
T22,3,2147.3730143469375,[33;95],9.589500000000001
T22,3,2147.3730143469375,[33;95],9.544667
T22,3,2147.3730143469375,[33;95],9.362542
T22,3,2147.3730143469375,[33;95],9.100541999999999
T22,4,2251.874249300744,[22;65;115],14.929084
T22,4,2251.874249300744,[22;65;115],14.814208
T22,4,2251.874249300744,[22;65;115],14.66225
T22,4,2251.874249300744,[22;65;115],14.875834
T22,4,2251.874249300744,[22;65;115],14.574125
T22,4,2251.874249300744,[22;65;115],26.756083999999998
T22,4,2251.874249300744,[22;65;115],15.099166
T22,4,2251.874249300744,[22;65;115],14.9085
T22,4,2251.874249300744,[22;65;115],14.889083
T22,4,2251.874249300744,[22;65;115],15.149
T22,4,2251.874249300744,[22;65;115],14.970749999999999
T22,4,2251.874249300744,[22;65;115],14.971625000000001
T22,4,2251.874249300744,[22;65;115],14.875
T22,4,2251.874249300744,[22;65;115],14.942874999999999
T22,4,2251.874249300744,[22;65;115],14.759292
T22,4,2251.874249300744,[22;65;115],14.958915999999999
T22,4,2251.874249300744,[22;65;115],14.842375
T22,4,2251.874249300744,[22;65;115],14.525458
T22,4,2251.874249300744,[22;65;115],14.736917
T22,4,2251.874249300744,[22;65;115],15.140459
T22,4,2251.874249300744,[22;65;115],15.128292
T22,4,2251.874249300744,[22;65;115],15.073042
T22,4,2251.874249300744,[22;65;115],14.805875
T22,4,2251.874249300744,[22;65;115],14.61825
T22,4,2251.874249300744,[22;65;115],14.918167
T22,4,2251.874249300744,[22;65;115],21.585250000000002
T22,4,2251.874249300744,[22;65;115],15.0045
T22,4,2251.874249300744,[22;65;115],15.194374999999999
T22,4,2251.874249300744,[22;65;115],15.092792000000001
T22,4,2251.874249300744,[22;65;115],14.830167
T22,5,2291.026284136747,[18;51;86;125],24.826042
T22,5,2291.026284136747,[18;51;86;125],25.208042
T22,5,2291.026284136747,[18;51;86;125],24.47825
T22,5,2291.026284136747,[18;51;86;125],24.269042000000002
T22,5,2291.026284136747,[18;51;86;125],24.709083
T22,5,2291.026284136747,[18;51;86;125],23.979334
T22,5,2291.026284136747,[18;51;86;125],24.276958
T22,5,2291.026284136747,[18;51;86;125],24.057042
T22,5,2291.026284136747,[18;51;86;125],24.134958
T22,5,2291.026284136747,[18;51;86;125],23.889416999999998
T22,5,2291.026284136747,[18;51;86;125],23.440291
T22,5,2291.026284136747,[18;51;86;125],24.19075
T22,5,2291.026284136747,[18;51;86;125],24.084875
T22,5,2291.026284136747,[18;51;86;125],23.909167
T22,5,2291.026284136747,[18;51;86;125],23.08775
T22,5,2291.026284136747,[18;51;86;125],37.091375
T22,5,2291.026284136747,[18;51;86;125],24.61775
T22,5,2291.026284136747,[18;51;86;125],23.877167
T22,5,2291.026284136747,[18;51;86;125],24.415792
T22,5,2291.026284136747,[18;51;86;125],24.100875000000002
T22,5,2291.026284136747,[18;51;86;125],24.184334
T22,5,2291.026284136747,[18;51;86;125],23.568291000000002
T22,5,2291.026284136747,[18;51;86;125],23.234875
T22,5,2291.026284136747,[18;51;86;125],24.396125
T22,5,2291.026284136747,[18;51;86;125],24.2745
T22,5,2291.026284136747,[18;51;86;125],23.647375
T22,5,2291.026284136747,[18;51;86;125],24.105166
T22,5,2291.026284136747,[18;51;86;125],23.756709
T22,5,2291.026284136747,[18;51;86;125],24.728458
T22,5,2291.026284136747,[18;51;86;125],23.518
T32,2,2179.359072775789,[60],4.139791000000001
T32,2,2179.359072775789,[60],4.061458
T32,2,2179.359072775789,[60],3.846292
T32,2,2179.359072775789,[60],3.94875
T32,2,2179.359072775789,[60],4.043375
T32,2,2179.359072775789,[60],4.068458
T32,2,2179.359072775789,[60],3.8479590000000004
T32,2,2179.359072775789,[60],8.411
T32,2,2179.359072775789,[60],4.065208
T32,2,2179.359072775789,[60],3.935625
T32,2,2179.359072775789,[60],3.925833
T32,2,2179.359072775789,[60],3.953125
T32,2,2179.359072775789,[60],4.064708
T32,2,2179.359072775789,[60],3.9505829999999995
T32,2,2179.359072775789,[60],3.848084
T32,2,2179.359072775789,[60],4.0442919999999996
T32,2,2179.359072775789,[60],3.845041
T32,2,2179.359072775789,[60],4.033292
T32,2,2179.359072775789,[60],4.054417
T32,2,2179.359072775789,[60],3.9068330000000002
T32,2,2179.359072775789,[60],3.865042
T32,2,2179.359072775789,[60],4.048625
T32,2,2179.359072775789,[60],3.886917
T32,2,2179.359072775789,[60],4.092084
T32,2,2179.359072775789,[60],4.01275
T32,2,2179.359072775789,[60],3.869542
T32,2,2179.359072775789,[60],3.8878749999999997
T32,2,2179.359072775789,[60],4.026458
T32,2,2179.359072775789,[60],3.8631249999999997
T32,2,2179.359072775789,[60],4.256291
T32,3,2456.6951436782965,[42;109],9.108041
T32,3,2456.6951436782965,[42;109],9.241
T32,3,2456.6951436782965,[42;109],9.087959
T32,3,2456.6951436782965,[42;109],9.420875
T32,3,2456.6951436782965,[42;109],9.089082999999999
T32,3,2456.6951436782965,[42;109],9.303417
T32,3,2456.6951436782965,[42;109],9.284291999999999
T32,3,2456.6951436782965,[42;109],9.171042
T32,3,2456.6951436782965,[42;109],8.948833
T32,3,2456.6951436782965,[42;109],8.977959
T32,3,2456.6951436782965,[42;109],9.367959
T32,3,2456.6951436782965,[42;109],11.929833
T32,3,2456.6951436782965,[42;109],9.20425
T32,3,2456.6951436782965,[42;109],9.397958
T32,3,2456.6951436782965,[42;109],9.560458
T32,3,2456.6951436782965,[42;109],9.276917000000001
T32,3,2456.6951436782965,[42;109],9.182167
T32,3,2456.6951436782965,[42;109],9.051292
T32,3,2456.6951436782965,[42;109],9.199250000000001
T32,3,2456.6951436782965,[42;109],9.320958000000001
T32,3,2456.6951436782965,[42;109],9.338125
T32,3,2456.6951436782965,[42;109],9.579334
T32,3,2456.6951436782965,[42;109],9.477084
T32,3,2456.6951436782965,[42;109],9.323333
T32,3,2456.6951436782965,[42;109],9.500125
T32,3,2456.6951436782965,[42;109],9.309458
T32,3,2456.6951436782965,[42;109],9.328875
T32,3,2456.6951436782965,[42;109],9.313583
T32,3,2456.6951436782965,[42;109],9.363792
T32,3,2456.6951436782965,[42;109],9.154125
T32,4,2575.6191428132306,[23;68;120],14.517875
T32,4,2575.6191428132306,[23;68;120],14.793709
T32,4,2575.6191428132306,[23;68;120],25.674458
T32,4,2575.6191428132306,[23;68;120],14.319542
T32,4,2575.6191428132306,[23;68;120],14.513083
T32,4,2575.6191428132306,[23;68;120],14.475458
T32,4,2575.6191428132306,[23;68;120],14.326375
T32,4,2575.6191428132306,[23;68;120],13.943667
T32,4,2575.6191428132306,[23;68;120],14.081125
T32,4,2575.6191428132306,[23;68;120],14.122875
T32,4,2575.6191428132306,[23;68;120],14.750708
T32,4,2575.6191428132306,[23;68;120],14.519499999999999
T32,4,2575.6191428132306,[23;68;120],14.54275
T32,4,2575.6191428132306,[23;68;120],14.440458
T32,4,2575.6191428132306,[23;68;120],14.344833
T32,4,2575.6191428132306,[23;68;120],14.569749999999999
T32,4,2575.6191428132306,[23;68;120],14.264375
T32,4,2575.6191428132306,[23;68;120],14.564874999999999
T32,4,2575.6191428132306,[23;68;120],14.368792000000001
T32,4,2575.6191428132306,[23;68;120],14.851541
T32,4,2575.6191428132306,[23;68;120],14.649334
T32,4,2575.6191428132306,[23;68;120],14.366167
T32,4,2575.6191428132306,[23;68;120],14.477500000000001
T32,4,2575.6191428132306,[23;68;120],14.699
T32,4,2575.6191428132306,[23;68;120],14.801541
T32,4,2575.6191428132306,[23;68;120],14.422167
T32,4,2575.6191428132306,[23;68;120],14.291791
T32,4,2575.6191428132306,[23;68;120],14.448167
T32,4,2575.6191428132306,[23;68;120],14.585625
T32,4,2575.6191428132306,[23;68;120],13.998166
T32,5,2613.9011459580165,[19;56;92;131],24.314417000000002
T32,5,2613.9011459580165,[19;56;92;131],24.396166
T32,5,2613.9011459580165,[19;56;92;131],25.274167
T32,5,2613.9011459580165,[19;56;92;131],24.906875
T32,5,2613.9011459580165,[19;56;92;131],24.245208
T32,5,2613.9011459580165,[19;56;92;131],23.616208999999998
T32,5,2613.9011459580165,[19;56;92;131],24.764625
T32,5,2613.9011459580165,[19;56;92;131],24.322625000000002
T32,5,2613.9011459580165,[19;56;92;131],23.23675
T32,5,2613.9011459580165,[19;56;92;131],25.00175
T32,5,2613.9011459580165,[19;56;92;131],25.478709
T32,5,2613.9011459580165,[19;56;92;131],24.596709
T32,5,2613.9011459580165,[19;56;92;131],25.668084
T32,5,2613.9011459580165,[19;56;92;131],24.494584
T32,5,2613.9011459580165,[19;56;92;131],24.748625
T32,5,2613.9011459580165,[19;56;92;131],24.956916
T32,5,2613.9011459580165,[19;56;92;131],25.192625
T32,5,2613.9011459580165,[19;56;92;131],24.727167
T32,5,2613.9011459580165,[19;56;92;131],23.451542
T32,5,2613.9011459580165,[19;56;92;131],23.452458
T32,5,2613.9011459580165,[19;56;92;131],37.990916999999996
T32,5,2613.9011459580165,[19;56;92;131],23.151416
T32,5,2613.9011459580165,[19;56;92;131],25.118917
T32,5,2613.9011459580165,[19;56;92;131],24.2405
T32,5,2613.9011459580165,[19;56;92;131],24.749083000000002
T32,5,2613.9011459580165,[19;56;92;131],24.057083
T32,5,2613.9011459580165,[19;56;92;131],23.979833
T32,5,2613.9011459580165,[19;56;92;131],24.07625
T32,5,2613.9011459580165,[19;56;92;131],24.816834
T32,5,2613.9011459580165,[19;56;92;131],24.220291000000003
T62,2,2729.687288825826,[60],8.495249999999999
T62,2,2729.687288825826,[60],5.274084
T62,2,2729.687288825826,[60],4.592917
T62,2,2729.687288825826,[60],4.611416
T62,2,2729.687288825826,[60],4.506125
T62,2,2729.687288825826,[60],4.603791
T62,2,2729.687288825826,[60],4.4905
T62,2,2729.687288825826,[60],4.626333
T62,2,2729.687288825826,[60],4.435958
T62,2,2729.687288825826,[60],4.5236670000000005
T62,2,2729.687288825826,[60],4.491375
T62,2,2729.687288825826,[60],4.657583
T62,2,2729.687288825826,[60],4.4756659999999995
T62,2,2729.687288825826,[60],4.482334
T62,2,2729.687288825826,[60],4.370167
T62,2,2729.687288825826,[60],4.395125
T62,2,2729.687288825826,[60],4.446208
T62,2,2729.687288825826,[60],4.415625
T62,2,2729.687288825826,[60],4.400166
T62,2,2729.687288825826,[60],4.411
T62,2,2729.687288825826,[60],4.482416000000001
T62,2,2729.687288825826,[60],4.443957999999999
T62,2,2729.687288825826,[60],4.621
T62,2,2729.687288825826,[60],10.073625
T62,2,2729.687288825826,[60],4.525792
T62,2,2729.687288825826,[60],4.552208
T62,2,2729.687288825826,[60],4.382542
T62,2,2729.687288825826,[60],4.5392920000000005
T62,2,2729.687288825826,[60],4.53875
T62,2,2729.687288825826,[60],4.519917
T62,3,3187.037576245214,[47;122],10.149042
T62,3,3187.037576245214,[47;122],10.227417
T62,3,3187.037576245214,[47;122],10.1955
T62,3,3187.037576245214,[47;122],10.316583000000001
T62,3,3187.037576245214,[47;122],10.36925
T62,3,3187.037576245214,[47;122],10.189
T62,3,3187.037576245214,[47;122],10.54125
T62,3,3187.037576245214,[47;122],10.357667
T62,3,3187.037576245214,[47;122],10.285084
T62,3,3187.037576245214,[47;122],10.287875
T62,3,3187.037576245214,[47;122],10.394874999999999
T62,3,3187.037576245214,[47;122],10.268333
T62,3,3187.037576245214,[47;122],10.383167
T62,3,3187.037576245214,[47;122],10.070667
T62,3,3187.037576245214,[47;122],9.959709
T62,3,3187.037576245214,[47;122],10.051957999999999
T62,3,3187.037576245214,[47;122],10.056125000000002
T62,3,3187.037576245214,[47;122],10.1615
T62,3,3187.037576245214,[47;122],9.98325
T62,3,3187.037576245214,[47;122],10.112542000000001
T62,3,3187.037576245214,[47;122],10.438792000000001
T62,3,3187.037576245214,[47;122],10.000250000000001
T62,3,3187.037576245214,[47;122],10.021749999999999
T62,3,3187.037576245214,[47;122],10.14625
T62,3,3187.037576245214,[47;122],10.068792
T62,3,3187.037576245214,[47;122],9.952209
T62,3,3187.037576245214,[47;122],10.174791
T62,3,3187.037576245214,[47;122],10.229624999999999
T62,3,3187.037576245214,[47;122],10.077
T62,3,3187.037576245214,[47;122],10.211291000000001
T62,4,3305.0570538725187,[40;97;146],14.484541
T62,4,3305.0570538725187,[40;97;146],14.49125
T62,4,3305.0570538725187,[40;97;146],14.991458
T62,4,3305.0570538725187,[40;97;146],24.459374999999998
T62,4,3305.0570538725187,[40;97;146],14.586292
T62,4,3305.0570538725187,[40;97;146],14.460209
T62,4,3305.0570538725187,[40;97;146],14.4315
T62,4,3305.0570538725187,[40;97;146],14.467792
T62,4,3305.0570538725187,[40;97;146],14.65225
T62,4,3305.0570538725187,[40;97;146],14.443417
T62,4,3305.0570538725187,[40;97;146],15.096917
T62,4,3305.0570538725187,[40;97;146],14.486832999999999
T62,4,3305.0570538725187,[40;97;146],15.003458
T62,4,3305.0570538725187,[40;97;146],14.685875
T62,4,3305.0570538725187,[40;97;146],15.052083000000001
T62,4,3305.0570538725187,[40;97;146],14.586375
T62,4,3305.0570538725187,[40;97;146],15.212583
T62,4,3305.0570538725187,[40;97;146],15.078542
T62,4,3305.0570538725187,[40;97;146],14.519416
T62,4,3305.0570538725187,[40;97;146],14.649542
T62,4,3305.0570538725187,[40;97;146],15.0085
T62,4,3305.0570538725187,[40;97;146],14.83925
T62,4,3305.0570538725187,[40;97;146],14.508875
T62,4,3305.0570538725187,[40;97;146],22.672
T62,4,3305.0570538725187,[40;97;146],14.788791000000002
T62,4,3305.0570538725187,[40;97;146],14.924583
T62,4,3305.0570538725187,[40;97;146],14.98
T62,4,3305.0570538725187,[40;97;146],15.035625
T62,4,3305.0570538725187,[40;97;146],14.830833
T62,4,3305.0570538725187,[40;97;146],14.965042
T62,5,3364.2736588700536,[21;63;105;152],24.586166
T62,5,3364.2736588700536,[21;63;105;152],24.407083999999998
T62,5,3364.2736588700536,[21;63;105;152],24.876625
T62,5,3364.2736588700536,[21;63;105;152],24.543875
T62,5,3364.2736588700536,[21;63;105;152],24.788958
T62,5,3364.2736588700536,[21;63;105;152],24.3825
T62,5,3364.2736588700536,[21;63;105;152],24.557292
T62,5,3364.2736588700536,[21;63;105;152],24.124792
T62,5,3364.2736588700536,[21;63;105;152],25.058833
T62,5,3364.2736588700536,[21;63;105;152],24.670834
T62,5,3364.2736588700536,[21;63;105;152],25.888042
T62,5,3364.2736588700536,[21;63;105;152],26.373250000000002
T62,5,3364.2736588700536,[21;63;105;152],26.014834
T62,5,3364.2736588700536,[21;63;105;152],33.599959
T62,5,3364.2736588700536,[21;63;105;152],24.673458
T62,5,3364.2736588700536,[21;63;105;152],25.960583999999997
T62,5,3364.2736588700536,[21;63;105;152],26.121167
T62,5,3364.2736588700536,[21;63;105;152],26.360791000000003
T62,5,3364.2736588700536,[21;63;105;152],25.321042
T62,5,3364.2736588700536,[21;63;105;152],24.592458
T62,5,3364.2736588700536,[21;63;105;152],26.296333
T62,5,3364.2736588700536,[21;63;105;152],24.111041999999998
T62,5,3364.2736588700536,[21;63;105;152],24.648833
T62,5,3364.2736588700536,[21;63;105;152],24.677625000000003
T62,5,3364.2736588700536,[21;63;105;152],24.122208999999998
T62,5,3364.2736588700536,[21;63;105;152],24.570917
T62,5,3364.2736588700536,[21;63;105;152],25.222042000000002
T62,5,3364.2736588700536,[21;63;105;152],26.219042
T62,5,3364.2736588700536,[21;63;105;152],24.250207999999997
T62,5,3364.2736588700536,[21;63;105;152],26.093416
T42,2,2519.7320041713524,[62],7.506083
T42,2,2519.7320041713524,[62],5.255625
T42,2,2519.7320041713524,[62],4.550291
T42,2,2519.7320041713524,[62],4.448625000000001
T42,2,2519.7320041713524,[62],4.464417
T42,2,2519.7320041713524,[62],4.443125
T42,2,2519.7320041713524,[62],4.552792
T42,2,2519.7320041713524,[62],4.577915999999999
T42,2,2519.7320041713524,[62],4.699
T42,2,2519.7320041713524,[62],4.438
T42,2,2519.7320041713524,[62],4.57925
T42,2,2519.7320041713524,[62],4.451416
T42,2,2519.7320041713524,[62],4.5527500000000005
T42,2,2519.7320041713524,[62],4.413125
T42,2,2519.7320041713524,[62],4.5329999999999995
T42,2,2519.7320041713524,[62],4.662625
T42,2,2519.7320041713524,[62],4.429875
T42,2,2519.7320041713524,[62],4.518542
T42,2,2519.7320041713524,[62],4.421041
T42,2,2519.7320041713524,[62],4.441375
T42,2,2519.7320041713524,[62],4.454916
T42,2,2519.7320041713524,[62],4.461542
T42,2,2519.7320041713524,[62],4.685166
T42,2,2519.7320041713524,[62],4.427667
T42,2,2519.7320041713524,[62],4.518000000000001
T42,2,2519.7320041713524,[62],4.4649160000000006
T42,2,2519.7320041713524,[62],4.393791
T42,2,2519.7320041713524,[62],4.540500000000001
T42,2,2519.7320041713524,[62],4.425458
T42,2,2519.7320041713524,[62],4.637958
T42,3,2910.52735569842,[46;120],10.059083
T42,3,2910.52735569842,[46;120],10.062542
T42,3,2910.52735569842,[46;120],10.036791999999998
T42,3,2910.52735569842,[46;120],10.177791000000001
T42,3,2910.52735569842,[46;120],10.214125
T42,3,2910.52735569842,[46;120],10.270667000000001
T42,3,2910.52735569842,[46;120],10.546790999999999
T42,3,2910.52735569842,[46;120],10.294459
T42,3,2910.52735569842,[46;120],10.086166
T42,3,2910.52735569842,[46;120],10.299042
T42,3,2910.52735569842,[46;120],10.2005
T42,3,2910.52735569842,[46;120],10.168417000000002
T42,3,2910.52735569842,[46;120],10.21725
T42,3,2910.52735569842,[46;120],10.029
T42,3,2910.52735569842,[46;120],10.04275
T42,3,2910.52735569842,[46;120],10.106333000000001
T42,3,2910.52735569842,[46;120],10.4305
T42,3,2910.52735569842,[46;120],10.399291
T42,3,2910.52735569842,[46;120],10.436542
T42,3,2910.52735569842,[46;120],10.2345
T42,3,2910.52735569842,[46;120],9.995709
T42,3,2910.52735569842,[46;120],10.2385
T42,3,2910.52735569842,[46;120],10.147667
T42,3,2910.52735569842,[46;120],10.217875
T42,3,2910.52735569842,[46;120],10.24025
T42,3,2910.52735569842,[46;120],10.040542
T42,3,2910.52735569842,[46;120],11.806875
T42,3,2910.52735569842,[46;120],10.056042
T42,3,2910.52735569842,[46;120],9.995000000000001
T42,3,2910.52735569842,[46;120],9.98975
T42,4,3019.7422240558694,[29;77;131],16.127834
T42,4,3019.7422240558694,[29;77;131],16.018874999999998
T42,4,3019.7422240558694,[29;77;131],16.704417
T42,4,3019.7422240558694,[29;77;131],16.765958
T42,4,3019.7422240558694,[29;77;131],16.754458
T42,4,3019.7422240558694,[29;77;131],16.042082999999998
T42,4,3019.7422240558694,[29;77;131],16.050458
T42,4,3019.7422240558694,[29;77;131],16.406167
T42,4,3019.7422240558694,[29;77;131],16.252417
T42,4,3019.7422240558694,[29;77;131],16.728
T42,4,3019.7422240558694,[29;77;131],16.44025
T42,4,3019.7422240558694,[29;77;131],16.649916
T42,4,3019.7422240558694,[29;77;131],16.581459
T42,4,3019.7422240558694,[29;77;131],16.447209
T42,4,3019.7422240558694,[29;77;131],16.156917
T42,4,3019.7422240558694,[29;77;131],16.01075
T42,4,3019.7422240558694,[29;77;131],16.148166
T42,4,3019.7422240558694,[29;77;131],16.111917
T42,4,3019.7422240558694,[29;77;131],16.671333
T42,4,3019.7422240558694,[29;77;131],16.122375
T42,4,3019.7422240558694,[29;77;131],16.128
T42,4,3019.7422240558694,[29;77;131],16.186417000000002
T42,4,3019.7422240558694,[29;77;131],16.679625
T42,4,3019.7422240558694,[29;77;131],16.083916
T42,4,3019.7422240558694,[29;77;131],16.602459
T42,4,3019.7422240558694,[29;77;131],16.069041
T42,4,3019.7422240558694,[29;77;131],16.248459
T42,4,3019.7422240558694,[29;77;131],16.089
T42,4,3019.7422240558694,[29;77;131],16.458916000000002
T42,4,3019.7422240558694,[29;77;131],16.411875
T42,5,3078.590079332623,[22;64;108;154],23.5785
T42,5,3078.590079332623,[22;64;108;154],22.99275
T42,5,3078.590079332623,[22;64;108;154],23.569667
T42,5,3078.590079332623,[22;64;108;154],23.373833
T42,5,3078.590079332623,[22;64;108;154],23.413916999999998
T42,5,3078.590079332623,[22;64;108;154],23.101042
T42,5,3078.590079332623,[22;64;108;154],24.819042
T42,5,3078.590079332623,[22;64;108;154],25.252625000000002
T42,5,3078.590079332623,[22;64;108;154],23.349375
T42,5,3078.590079332623,[22;64;108;154],23.087584
T42,5,3078.590079332623,[22;64;108;154],22.987584
T42,5,3078.590079332623,[22;64;108;154],23.318084
T42,5,3078.590079332623,[22;64;108;154],24.934041
T42,5,3078.590079332623,[22;64;108;154],23.615958
T42,5,3078.590079332623,[22;64;108;154],22.942875
T42,5,3078.590079332623,[22;64;108;154],23.836416
T42,5,3078.590079332623,[22;64;108;154],23.044875
T42,5,3078.590079332623,[22;64;108;154],24.919583
T42,5,3078.590079332623,[22;64;108;154],23.741374999999998
T42,5,3078.590079332623,[22;64;108;154],23.189458
T42,5,3078.590079332623,[22;64;108;154],23.771291
T42,5,3078.590079332623,[22;64;108;154],22.893417
T42,5,3078.590079332623,[22;64;108;154],24.375208999999998
T42,5,3078.590079332623,[22;64;108;154],25.015541
T42,5,3078.590079332623,[22;64;108;154],23.3245
T42,5,3078.590079332623,[22;64;108;154],23.266542
T42,5,3078.590079332623,[22;64;108;154],25.003375000000002
T42,5,3078.590079332623,[22;64;108;154],25.281792
T42,5,3078.590079332623,[22;64;108;154],23.587916
T42,5,3078.590079332623,[22;64;108;154],23.169458
T52,2,2380.2713235206493,[57],6.535
T52,2,2380.2713235206493,[57],4.855458
T52,2,2380.2713235206493,[57],4.202624999999999
T52,2,2380.2713235206493,[57],4.207833
T52,2,2380.2713235206493,[57],4.396958000000001
T52,2,2380.2713235206493,[57],4.233083000000001
T52,2,2380.2713235206493,[57],4.243917
T52,2,2380.2713235206493,[57],4.18025
T52,2,2380.2713235206493,[57],4.184791000000001
T52,2,2380.2713235206493,[57],4.1808749999999995
T52,2,2380.2713235206493,[57],4.149542
T52,2,2380.2713235206493,[57],4.182209
T52,2,2380.2713235206493,[57],4.260833000000001
T52,2,2380.2713235206493,[57],4.187833
T52,2,2380.2713235206493,[57],4.154917
T52,2,2380.2713235206493,[57],4.272667
T52,2,2380.2713235206493,[57],4.188459
T52,2,2380.2713235206493,[57],4.157916999999999
T52,2,2380.2713235206493,[57],4.3414589999999995
T52,2,2380.2713235206493,[57],4.193084
T52,2,2380.2713235206493,[57],4.133834
T52,2,2380.2713235206493,[57],4.2892090000000005
T52,2,2380.2713235206493,[57],4.1985
T52,2,2380.2713235206493,[57],4.167625
T52,2,2380.2713235206493,[57],4.205
T52,2,2380.2713235206493,[57],4.22475
T52,2,2380.2713235206493,[57],4.168375
T52,2,2380.2713235206493,[57],4.321249999999999
T52,2,2380.2713235206493,[57],4.156625
T52,2,2380.2713235206493,[57],4.129334
T52,3,2694.78343947774,[45;112],10.025708
T52,3,2694.78343947774,[45;112],9.72175
T52,3,2694.78343947774,[45;112],9.846667
T52,3,2694.78343947774,[45;112],9.752624999999998
T52,3,2694.78343947774,[45;112],9.702709
T52,3,2694.78343947774,[45;112],9.954167
T52,3,2694.78343947774,[45;112],9.768959
T52,3,2694.78343947774,[45;112],9.812125
T52,3,2694.78343947774,[45;112],9.923124999999999
T52,3,2694.78343947774,[45;112],9.823791
T52,3,2694.78343947774,[45;112],9.909084
T52,3,2694.78343947774,[45;112],9.866333999999998
T52,3,2694.78343947774,[45;112],9.89175
T52,3,2694.78343947774,[45;112],9.839542
T52,3,2694.78343947774,[45;112],9.730792000000001
T52,3,2694.78343947774,[45;112],9.855333000000002
T52,3,2694.78343947774,[45;112],9.796125
T52,3,2694.78343947774,[45;112],9.826833
T52,3,2694.78343947774,[45;112],9.804375
T52,3,2694.78343947774,[45;112],9.913042
T52,3,2694.78343947774,[45;112],9.736666999999999
T52,3,2694.78343947774,[45;112],10.047084
T52,3,2694.78343947774,[45;112],9.8265
T52,3,2694.78343947774,[45;112],9.851417
T52,3,2694.78343947774,[45;112],9.960958000000002
T52,3,2694.78343947774,[45;112],9.712209
T52,3,2694.78343947774,[45;112],9.897625
T52,3,2694.78343947774,[45;112],10.002
T52,3,2694.78343947774,[45;112],12.85875
T52,3,2694.78343947774,[45;112],10.029292
T52,4,2784.9126493253334,[36;86;129],15.418083000000001
T52,4,2784.9126493253334,[36;86;129],15.936415999999998
T52,4,2784.9126493253334,[36;86;129],15.587208
T52,4,2784.9126493253334,[36;86;129],15.32425
T52,4,2784.9126493253334,[36;86;129],15.235875
T52,4,2784.9126493253334,[36;86;129],15.972750000000001
T52,4,2784.9126493253334,[36;86;129],15.715209000000002
T52,4,2784.9126493253334,[36;86;129],15.882541999999999
T52,4,2784.9126493253334,[36;86;129],15.952333
T52,4,2784.9126493253334,[36;86;129],15.857834
T52,4,2784.9126493253334,[36;86;129],15.944541999999998
T52,4,2784.9126493253334,[36;86;129],15.547125
T52,4,2784.9126493253334,[36;86;129],15.915540999999997
T52,4,2784.9126493253334,[36;86;129],15.932834
T52,4,2784.9126493253334,[36;86;129],15.998583
T52,4,2784.9126493253334,[36;86;129],15.876624999999999
T52,4,2784.9126493253334,[36;86;129],15.964584
T52,4,2784.9126493253334,[36;86;129],15.462333
T52,4,2784.9126493253334,[36;86;129],15.8375
T52,4,2784.9126493253334,[36;86;129],15.932749999999999
T52,4,2784.9126493253334,[36;86;129],15.444374999999999
T52,4,2784.9126493253334,[36;86;129],15.364042
T52,4,2784.9126493253334,[36;86;129],15.907874999999999
T52,4,2784.9126493253334,[36;86;129],15.553917
T52,4,2784.9126493253334,[36;86;129],15.334833000000001
T52,4,2784.9126493253334,[36;86;129],15.888167000000001
T52,4,2784.9126493253334,[36;86;129],15.390667
T52,4,2784.9126493253334,[36;86;129],15.87625
T52,4,2784.9126493253334,[36;86;129],15.456209
T52,4,2784.9126493253334,[36;86;129],15.346667
T52,5,2843.0921019800835,[20;60;98;136],23.339499999999997
T52,5,2843.0921019800835,[20;60;98;136],23.549875
T52,5,2843.0921019800835,[20;60;98;136],25.484707999999998
T52,5,2843.0921019800835,[20;60;98;136],23.439249999999998
T52,5,2843.0921019800835,[20;60;98;136],23.720833
T52,5,2843.0921019800835,[20;60;98;136],25.144375
T52,5,2843.0921019800835,[20;60;98;136],23.291249999999998
T52,5,2843.0921019800835,[20;60;98;136],23.568917000000003
T52,5,2843.0921019800835,[20;60;98;136],25.674709
T52,5,2843.0921019800835,[20;60;98;136],25.740166
T52,5,2843.0921019800835,[20;60;98;136],25.820791999999997
T52,5,2843.0921019800835,[20;60;98;136],25.632416000000003
T52,5,2843.0921019800835,[20;60;98;136],25.378791
T52,5,2843.0921019800835,[20;60;98;136],23.36825
T52,5,2843.0921019800835,[20;60;98;136],24.085583
T52,5,2843.0921019800835,[20;60;98;136],23.611666
T52,5,2843.0921019800835,[20;60;98;136],23.522667000000002
T52,5,2843.0921019800835,[20;60;98;136],23.946667
T52,5,2843.0921019800835,[20;60;98;136],25.45025
T52,5,2843.0921019800835,[20;60;98;136],23.454542
T52,5,2843.0921019800835,[20;60;98;136],23.515708
T52,5,2843.0921019800835,[20;60;98;136],23.342624999999998
T52,5,2843.0921019800835,[20;60;98;136],23.373333
T52,5,2843.0921019800835,[20;60;98;136],23.253333
T52,5,2843.0921019800835,[20;60;98;136],25.46925
T52,5,2843.0921019800835,[20;60;98;136],23.446209
T52,5,2843.0921019800835,[20;60;98;136],23.421584
T52,5,2843.0921019800835,[20;60;98;136],23.4885
T52,5,2843.0921019800835,[20;60;98;136],25.501333000000002
T52,5,2843.0921019800835,[20;60;98;136],23.520125
T22,2,1867.6683260762325,[60],7.961667
T22,2,1867.6683260762325,[60],5.0638749999999995
T22,2,1867.6683260762325,[60],4.2044999999999995
T22,2,1867.6683260762325,[60],4.057542
T22,2,1867.6683260762325,[60],3.9253329999999997
T22,2,1867.6683260762325,[60],3.9797089999999997
T22,2,1867.6683260762325,[60],3.9266250000000005
T22,2,1867.6683260762325,[60],4.065833
T22,2,1867.6683260762325,[60],3.9114579999999997
T22,2,1867.6683260762325,[60],3.957083
T22,2,1867.6683260762325,[60],3.954042
T22,2,1867.6683260762325,[60],3.966125
T22,2,1867.6683260762325,[60],4.063333
T22,2,1867.6683260762325,[60],3.946834
T22,2,1867.6683260762325,[60],3.9830409999999996
T22,2,1867.6683260762325,[60],3.954041
T22,2,1867.6683260762325,[60],3.942833
T22,2,1867.6683260762325,[60],4.055834
T22,2,1867.6683260762325,[60],3.950416
T22,2,1867.6683260762325,[60],3.991083
T22,2,1867.6683260762325,[60],4.049459
T22,2,1867.6683260762325,[60],3.9255
T22,2,1867.6683260762325,[60],4.025792
T22,2,1867.6683260762325,[60],4.078167
T22,2,1867.6683260762325,[60],3.936584
T22,2,1867.6683260762325,[60],4.0177499999999995
T22,2,1867.6683260762325,[60],4.046709
T22,2,1867.6683260762325,[60],4.080542
T22,2,1867.6683260762325,[60],4.041917
T22,2,1867.6683260762325,[60],3.948875
T22,3,2147.3730143469375,[33;95],9.12375
T22,3,2147.3730143469375,[33;95],9.028667
T22,3,2147.3730143469375,[33;95],9.091
T22,3,2147.3730143469375,[33;95],9.110417
T22,3,2147.3730143469375,[33;95],9.123375
T22,3,2147.3730143469375,[33;95],17.053542
T22,3,2147.3730143469375,[33;95],9.079500000000001
T22,3,2147.3730143469375,[33;95],9.146666
T22,3,2147.3730143469375,[33;95],9.107333
T22,3,2147.3730143469375,[33;95],9.414541999999999
T22,3,2147.3730143469375,[33;95],9.037708
T22,3,2147.3730143469375,[33;95],9.175374999999999
T22,3,2147.3730143469375,[33;95],9.355125000000001
T22,3,2147.3730143469375,[33;95],9.448333
T22,3,2147.3730143469375,[33;95],9.020583
T22,3,2147.3730143469375,[33;95],9.127082999999999
T22,3,2147.3730143469375,[33;95],9.254791
T22,3,2147.3730143469375,[33;95],8.984957999999999
T22,3,2147.3730143469375,[33;95],9.149166000000001
T22,3,2147.3730143469375,[33;95],9.210875
T22,3,2147.3730143469375,[33;95],9.0685
T22,3,2147.3730143469375,[33;95],9.052875
T22,3,2147.3730143469375,[33;95],9.188458
T22,3,2147.3730143469375,[33;95],9.078707999999999
T22,3,2147.3730143469375,[33;95],8.936625
T22,3,2147.3730143469375,[33;95],9.100833
T22,3,2147.3730143469375,[33;95],9.12875
T22,3,2147.3730143469375,[33;95],9.152833000000001
T22,3,2147.3730143469375,[33;95],9.015125000000001
T22,3,2147.3730143469375,[33;95],9.503458
T22,4,2251.874249300744,[22;65;115],14.022625
T22,4,2251.874249300744,[22;65;115],14.352708
T22,4,2251.874249300744,[22;65;115],16.011917
T22,4,2251.874249300744,[22;65;115],14.250957999999999
T22,4,2251.874249300744,[22;65;115],14.116833
T22,4,2251.874249300744,[22;65;115],14.5525
T22,4,2251.874249300744,[22;65;115],14.730125000000001
T22,4,2251.874249300744,[22;65;115],14.746791
T22,4,2251.874249300744,[22;65;115],14.230667
T22,4,2251.874249300744,[22;65;115],14.341916999999999
T22,4,2251.874249300744,[22;65;115],14.428583
T22,4,2251.874249300744,[22;65;115],14.601167
T22,4,2251.874249300744,[22;65;115],14.403208000000001
T22,4,2251.874249300744,[22;65;115],14.2105
T22,4,2251.874249300744,[22;65;115],14.735042
T22,4,2251.874249300744,[22;65;115],14.673333
T22,4,2251.874249300744,[22;65;115],14.42325
T22,4,2251.874249300744,[22;65;115],14.266875
T22,4,2251.874249300744,[22;65;115],14.457792000000001
T22,4,2251.874249300744,[22;65;115],14.064042
T22,4,2251.874249300744,[22;65;115],14.242375
T22,4,2251.874249300744,[22;65;115],14.171291
T22,4,2251.874249300744,[22;65;115],14.261
T22,4,2251.874249300744,[22;65;115],16.731458
T22,4,2251.874249300744,[22;65;115],14.1485
T22,4,2251.874249300744,[22;65;115],14.09375
T22,4,2251.874249300744,[22;65;115],14.282791
T22,4,2251.874249300744,[22;65;115],14.606666
T22,4,2251.874249300744,[22;65;115],14.455417
T22,4,2251.874249300744,[22;65;115],14.438333
T22,5,2291.026284136747,[18;51;86;125],22.510041
T22,5,2291.026284136747,[18;51;86;125],24.068083
T22,5,2291.026284136747,[18;51;86;125],24.762125
T22,5,2291.026284136747,[18;51;86;125],24.71725
T22,5,2291.026284136747,[18;51;86;125],23.281416999999998
T22,5,2291.026284136747,[18;51;86;125],24.551291
T22,5,2291.026284136747,[18;51;86;125],22.748417
T22,5,2291.026284136747,[18;51;86;125],23.086417
T22,5,2291.026284136747,[18;51;86;125],23.542542
T22,5,2291.026284136747,[18;51;86;125],23.186917
T22,5,2291.026284136747,[18;51;86;125],24.351833
T22,5,2291.026284136747,[18;51;86;125],22.831833
T22,5,2291.026284136747,[18;51;86;125],23.922791999999998
T22,5,2291.026284136747,[18;51;86;125],22.682375
T22,5,2291.026284136747,[18;51;86;125],23.035084
T22,5,2291.026284136747,[18;51;86;125],24.518667
T22,5,2291.026284136747,[18;51;86;125],24.029042
T22,5,2291.026284136747,[18;51;86;125],23.414292
T22,5,2291.026284136747,[18;51;86;125],22.739709
T22,5,2291.026284136747,[18;51;86;125],24.648833
T22,5,2291.026284136747,[18;51;86;125],24.835084000000002
T22,5,2291.026284136747,[18;51;86;125],22.603749999999998
T22,5,2291.026284136747,[18;51;86;125],22.660541
T22,5,2291.026284136747,[18;51;86;125],22.858584
T22,5,2291.026284136747,[18;51;86;125],23.872457999999998
T22,5,2291.026284136747,[18;51;86;125],22.896
T22,5,2291.026284136747,[18;51;86;125],23.540583
T22,5,2291.026284136747,[18;51;86;125],22.734417
T22,5,2291.026284136747,[18;51;86;125],22.876333
T22,5,2291.026284136747,[18;51;86;125],23.267334
T32,2,2179.359072775789,[60],5.765875
T32,2,2179.359072775789,[60],4.383417
T32,2,2179.359072775789,[60],4.000584
T32,2,2179.359072775789,[60],3.8534580000000003
T32,2,2179.359072775789,[60],3.837875
T32,2,2179.359072775789,[60],3.9423749999999997
T32,2,2179.359072775789,[60],3.805625
T32,2,2179.359072775789,[60],3.830458
T32,2,2179.359072775789,[60],3.784375
T32,2,2179.359072775789,[60],3.9424580000000002
T32,2,2179.359072775789,[60],3.89975
T32,2,2179.359072775789,[60],3.903583
T32,2,2179.359072775789,[60],3.847417
T32,2,2179.359072775789,[60],3.90875
T32,2,2179.359072775789,[60],3.8765829999999997
T32,2,2179.359072775789,[60],3.879833
T32,2,2179.359072775789,[60],3.921875
T32,2,2179.359072775789,[60],3.788083
T32,2,2179.359072775789,[60],3.9379999999999997
T32,2,2179.359072775789,[60],3.836625
T32,2,2179.359072775789,[60],3.835959
T32,2,2179.359072775789,[60],3.798583
T32,2,2179.359072775789,[60],3.9078749999999998
T32,2,2179.359072775789,[60],3.994
T32,2,2179.359072775789,[60],3.869375
T32,2,2179.359072775789,[60],3.836584
T32,2,2179.359072775789,[60],3.797792
T32,2,2179.359072775789,[60],3.842834
T32,2,2179.359072775789,[60],3.8170420000000003
T32,2,2179.359072775789,[60],3.789916
T32,3,2456.6951436782965,[42;109],8.971167000000001
T32,3,2456.6951436782965,[42;109],8.90375
T32,3,2456.6951436782965,[42;109],8.806332999999999
T32,3,2456.6951436782965,[42;109],13.620458000000001
T32,3,2456.6951436782965,[42;109],8.946959000000001
T32,3,2456.6951436782965,[42;109],8.786166999999999
T32,3,2456.6951436782965,[42;109],8.811875
T32,3,2456.6951436782965,[42;109],8.939875
T32,3,2456.6951436782965,[42;109],8.962125
T32,3,2456.6951436782965,[42;109],8.801584
T32,3,2456.6951436782965,[42;109],8.827834
T32,3,2456.6951436782965,[42;109],9.272
T32,3,2456.6951436782965,[42;109],9.197709
T32,3,2456.6951436782965,[42;109],8.829041
T32,3,2456.6951436782965,[42;109],8.835666000000002
T32,3,2456.6951436782965,[42;109],9.259625
T32,3,2456.6951436782965,[42;109],9.135333000000001
T32,3,2456.6951436782965,[42;109],8.97625
T32,3,2456.6951436782965,[42;109],8.774166999999998
T32,3,2456.6951436782965,[42;109],8.920084
T32,3,2456.6951436782965,[42;109],8.961
T32,3,2456.6951436782965,[42;109],8.918624999999999
T32,3,2456.6951436782965,[42;109],8.746165999999999
T32,3,2456.6951436782965,[42;109],8.842917
T32,3,2456.6951436782965,[42;109],8.910625
T32,3,2456.6951436782965,[42;109],8.966292000000001
T32,3,2456.6951436782965,[42;109],8.789375
T32,3,2456.6951436782965,[42;109],9.21775
T32,3,2456.6951436782965,[42;109],9.188540999999999
T32,3,2456.6951436782965,[42;109],8.981791
T32,4,2575.6191428132306,[23;68;120],13.656125
T32,4,2575.6191428132306,[23;68;120],14.201458
T32,4,2575.6191428132306,[23;68;120],13.580833
T32,4,2575.6191428132306,[23;68;120],14.145458
T32,4,2575.6191428132306,[23;68;120],13.791208
T32,4,2575.6191428132306,[23;68;120],14.167124999999999
T32,4,2575.6191428132306,[23;68;120],14.158957999999998
T32,4,2575.6191428132306,[23;68;120],14.103582999999999
T32,4,2575.6191428132306,[23;68;120],13.919583
T32,4,2575.6191428132306,[23;68;120],14.164166
T32,4,2575.6191428132306,[23;68;120],14.242792000000001
T32,4,2575.6191428132306,[23;68;120],14.221833
T32,4,2575.6191428132306,[23;68;120],13.800917
T32,4,2575.6191428132306,[23;68;120],14.1935
T32,4,2575.6191428132306,[23;68;120],14.068458000000001
T32,4,2575.6191428132306,[23;68;120],13.954583
T32,4,2575.6191428132306,[23;68;120],14.038874999999999
T32,4,2575.6191428132306,[23;68;120],14.275625
T32,4,2575.6191428132306,[23;68;120],13.91075
T32,4,2575.6191428132306,[23;68;120],14.207875
T32,4,2575.6191428132306,[23;68;120],13.966125
T32,4,2575.6191428132306,[23;68;120],13.536541
T32,4,2575.6191428132306,[23;68;120],14.292625
T32,4,2575.6191428132306,[23;68;120],14.121375
T32,4,2575.6191428132306,[23;68;120],13.821750000000002
T32,4,2575.6191428132306,[23;68;120],13.659666000000001
T32,4,2575.6191428132306,[23;68;120],13.592666
T32,4,2575.6191428132306,[23;68;120],13.570709
T32,4,2575.6191428132306,[23;68;120],13.605041
T32,4,2575.6191428132306,[23;68;120],14.229583
T32,5,2613.9011459580165,[19;56;92;131],22.867292000000003
T32,5,2613.9011459580165,[19;56;92;131],23.306541
T32,5,2613.9011459580165,[19;56;92;131],23.739
T32,5,2613.9011459580165,[19;56;92;131],24.406375
T32,5,2613.9011459580165,[19;56;92;131],23.313667
T32,5,2613.9011459580165,[19;56;92;131],24.633625
T32,5,2613.9011459580165,[19;56;92;131],23.002167
T32,5,2613.9011459580165,[19;56;92;131],24.300084
T32,5,2613.9011459580165,[19;56;92;131],23.807709
T32,5,2613.9011459580165,[19;56;92;131],24.668415999999997
T32,5,2613.9011459580165,[19;56;92;131],24.63425
T32,5,2613.9011459580165,[19;56;92;131],24.729959
T32,5,2613.9011459580165,[19;56;92;131],23.28875
T32,5,2613.9011459580165,[19;56;92;131],23.8045
T32,5,2613.9011459580165,[19;56;92;131],24.294666
T32,5,2613.9011459580165,[19;56;92;131],24.607292
T32,5,2613.9011459580165,[19;56;92;131],24.348709
T32,5,2613.9011459580165,[19;56;92;131],23.183334
T32,5,2613.9011459580165,[19;56;92;131],23.276792
T32,5,2613.9011459580165,[19;56;92;131],24.552709
T32,5,2613.9011459580165,[19;56;92;131],22.846333
T32,5,2613.9011459580165,[19;56;92;131],24.932084
T32,5,2613.9011459580165,[19;56;92;131],24.754
T32,5,2613.9011459580165,[19;56;92;131],24.452624999999998
T32,5,2613.9011459580165,[19;56;92;131],23.014833
T32,5,2613.9011459580165,[19;56;92;131],22.961333
T32,5,2613.9011459580165,[19;56;92;131],24.458542
T32,5,2613.9011459580165,[19;56;92;131],23.23
T32,5,2613.9011459580165,[19;56;92;131],23.066416
T32,5,2613.9011459580165,[19;56;92;131],24.604959
T62,2,2729.687288825826,[60],8.558209000000002
T62,2,2729.687288825826,[60],5.3317499999999995
T62,2,2729.687288825826,[60],4.718875
T62,2,2729.687288825826,[60],4.541167
T62,2,2729.687288825826,[60],4.649875000000001
T62,2,2729.687288825826,[60],4.495833
T62,2,2729.687288825826,[60],4.6072500000000005
T62,2,2729.687288825826,[60],4.472666
T62,2,2729.687288825826,[60],4.430375000000001
T62,2,2729.687288825826,[60],4.463583
T62,2,2729.687288825826,[60],4.532958
T62,2,2729.687288825826,[60],4.525916
T62,2,2729.687288825826,[60],4.438583
T62,2,2729.687288825826,[60],4.61425
T62,2,2729.687288825826,[60],4.581209
T62,2,2729.687288825826,[60],5.063583
T62,2,2729.687288825826,[60],4.8128340000000005
T62,2,2729.687288825826,[60],4.581125
T62,2,2729.687288825826,[60],4.649083
T62,2,2729.687288825826,[60],4.663709
T62,2,2729.687288825826,[60],4.398041999999999
T62,2,2729.687288825826,[60],4.461875
T62,2,2729.687288825826,[60],4.527083
T62,2,2729.687288825826,[60],4.671749999999999
T62,2,2729.687288825826,[60],5.048292
T62,2,2729.687288825826,[60],4.6055
T62,2,2729.687288825826,[60],4.6357919999999995
T62,2,2729.687288825826,[60],4.7136249999999995
T62,2,2729.687288825826,[60],4.567875
T62,2,2729.687288825826,[60],4.3957500000000005
T62,3,3187.037576245214,[47;122],10.215834
T62,3,3187.037576245214,[47;122],11.534333
T62,3,3187.037576245214,[47;122],11.276542000000001
T62,3,3187.037576245214,[47;122],10.351667
T62,3,3187.037576245214,[47;122],10.470792
T62,3,3187.037576245214,[47;122],10.341125
T62,3,3187.037576245214,[47;122],10.423417
T62,3,3187.037576245214,[47;122],10.747667
T62,3,3187.037576245214,[47;122],10.273833
T62,3,3187.037576245214,[47;122],10.432792
T62,3,3187.037576245214,[47;122],10.3055
T62,3,3187.037576245214,[47;122],10.1885
T62,3,3187.037576245214,[47;122],10.925707999999998
T62,3,3187.037576245214,[47;122],10.416208999999998
T62,3,3187.037576245214,[47;122],10.341917
T62,3,3187.037576245214,[47;122],10.18475
T62,3,3187.037576245214,[47;122],10.123999999999999
T62,3,3187.037576245214,[47;122],30.477375000000002
T62,3,3187.037576245214,[47;122],10.420459
T62,3,3187.037576245214,[47;122],10.95225
T62,3,3187.037576245214,[47;122],11.153542
T62,3,3187.037576245214,[47;122],10.239291
T62,3,3187.037576245214,[47;122],10.032167
T62,3,3187.037576245214,[47;122],10.480875000000001
T62,3,3187.037576245214,[47;122],10.874167
T62,3,3187.037576245214,[47;122],10.877958
T62,3,3187.037576245214,[47;122],10.676708999999999
T62,3,3187.037576245214,[47;122],10.053292
T62,3,3187.037576245214,[47;122],10.34875
T62,3,3187.037576245214,[47;122],10.218625
T62,4,3305.0570538725187,[40;97;146],14.768792
T62,4,3305.0570538725187,[40;97;146],14.735542
T62,4,3305.0570538725187,[40;97;146],14.799833999999999
T62,4,3305.0570538725187,[40;97;146],14.780291
T62,4,3305.0570538725187,[40;97;146],14.956292
T62,4,3305.0570538725187,[40;97;146],14.620332999999999
T62,4,3305.0570538725187,[40;97;146],15.220334000000001
T62,4,3305.0570538725187,[40;97;146],14.586542
T62,4,3305.0570538725187,[40;97;146],15.033959
T62,4,3305.0570538725187,[40;97;146],14.5665
T62,4,3305.0570538725187,[40;97;146],15.950667000000001
T62,4,3305.0570538725187,[40;97;146],14.682958
T62,4,3305.0570538725187,[40;97;146],14.975957999999999
T62,4,3305.0570538725187,[40;97;146],14.403792000000001
T62,4,3305.0570538725187,[40;97;146],14.894875
T62,4,3305.0570538725187,[40;97;146],15.082375
T62,4,3305.0570538725187,[40;97;146],14.640583000000001
T62,4,3305.0570538725187,[40;97;146],15.415292
T62,4,3305.0570538725187,[40;97;146],15.882667
T62,4,3305.0570538725187,[40;97;146],14.998084
T62,4,3305.0570538725187,[40;97;146],15.073208
T62,4,3305.0570538725187,[40;97;146],14.874500000000001
T62,4,3305.0570538725187,[40;97;146],14.879209
T62,4,3305.0570538725187,[40;97;146],14.495125
T62,4,3305.0570538725187,[40;97;146],14.719792
T62,4,3305.0570538725187,[40;97;146],14.684875
T62,4,3305.0570538725187,[40;97;146],14.585749999999999
T62,4,3305.0570538725187,[40;97;146],14.865582999999999
T62,4,3305.0570538725187,[40;97;146],14.644375
T62,4,3305.0570538725187,[40;97;146],14.841833000000001
T62,5,3364.2736588700536,[21;63;105;152],25.120959000000003
T62,5,3364.2736588700536,[21;63;105;152],29.665916
T62,5,3364.2736588700536,[21;63;105;152],25.208375
T62,5,3364.2736588700536,[21;63;105;152],25.378874999999997
T62,5,3364.2736588700536,[21;63;105;152],25.729959
T62,5,3364.2736588700536,[21;63;105;152],25.67775
T62,5,3364.2736588700536,[21;63;105;152],24.839040999999998
T62,5,3364.2736588700536,[21;63;105;152],25.696125
T62,5,3364.2736588700536,[21;63;105;152],26.083
T62,5,3364.2736588700536,[21;63;105;152],25.310167
T62,5,3364.2736588700536,[21;63;105;152],24.902084000000002
T62,5,3364.2736588700536,[21;63;105;152],25.965708
T62,5,3364.2736588700536,[21;63;105;152],25.458000000000002
T62,5,3364.2736588700536,[21;63;105;152],24.696125
T62,5,3364.2736588700536,[21;63;105;152],25.222875
T62,5,3364.2736588700536,[21;63;105;152],25.958667000000002
T62,5,3364.2736588700536,[21;63;105;152],25.052625
T62,5,3364.2736588700536,[21;63;105;152],25.616959
T62,5,3364.2736588700536,[21;63;105;152],26.144458
T62,5,3364.2736588700536,[21;63;105;152],25.974625
T62,5,3364.2736588700536,[21;63;105;152],25.722833
T62,5,3364.2736588700536,[21;63;105;152],26.383750000000003
T62,5,3364.2736588700536,[21;63;105;152],26.693042
T62,5,3364.2736588700536,[21;63;105;152],26.305167
T62,5,3364.2736588700536,[21;63;105;152],25.235792
T62,5,3364.2736588700536,[21;63;105;152],25.889374999999998
T62,5,3364.2736588700536,[21;63;105;152],25.951625
T62,5,3364.2736588700536,[21;63;105;152],25.723625
T62,5,3364.2736588700536,[21;63;105;152],25.566584
T62,5,3364.2736588700536,[21;63;105;152],25.747834
images,2,1111.6461620293094,[208],11.681334
images,2,1111.6461620293094,[208],9.300832999999999
images,2,1111.6461620293094,[208],9.40175
images,2,1111.6461620293094,[208],9.234292
images,2,1111.6461620293094,[208],14.885083999999999
images,2,1111.6461620293094,[208],9.442499999999999
images,2,1111.6461620293094,[208],9.273709
images,2,1111.6461620293094,[208],9.372416
images,2,1111.6461620293094,[208],9.270417
images,2,1111.6461620293094,[208],9.686250000000001
images,2,1111.6461620293094,[208],9.29025
images,2,1111.6461620293094,[208],9.503542
images,2,1111.6461620293094,[208],9.341999999999999
images,2,1111.6461620293094,[208],9.336458
images,2,1111.6461620293094,[208],9.273375
images,2,1111.6461620293094,[208],9.235541999999999
images,2,1111.6461620293094,[208],9.275583000000001
images,2,1111.6461620293094,[208],9.651417
images,2,1111.6461620293094,[208],9.622
images,2,1111.6461620293094,[208],9.27875
images,2,1111.6461620293094,[208],9.501042
images,2,1111.6461620293094,[208],9.288583
images,2,1111.6461620293094,[208],9.295167
images,2,1111.6461620293094,[208],9.293667000000001
images,2,1111.6461620293094,[208],9.662167
images,2,1111.6461620293094,[208],9.523791000000001
images,2,1111.6461620293094,[208],13.286417
images,2,1111.6461620293094,[208],9.273083999999999
images,2,1111.6461620293094,[208],9.266416
images,2,1111.6461620293094,[208],9.317499999999999
images,3,1261.8768295896787,[141;211],13.183292
images,3,1261.8768295896787,[141;211],13.190125
images,3,1261.8768295896787,[141;211],13.252208
images,3,1261.8768295896787,[141;211],12.719958
images,3,1261.8768295896787,[141;211],13.271125
images,3,1261.8768295896787,[141;211],12.617167
images,3,1261.8768295896787,[141;211],12.562667
images,3,1261.8768295896787,[141;211],12.661499999999998
images,3,1261.8768295896787,[141;211],12.640416
images,3,1261.8768295896787,[141;211],12.787542
images,3,1261.8768295896787,[141;211],13.085958
images,3,1261.8768295896787,[141;211],15.85825
images,3,1261.8768295896787,[141;211],12.525500000000001
images,3,1261.8768295896787,[141;211],12.976458
images,3,1261.8768295896787,[141;211],12.697167
images,3,1261.8768295896787,[141;211],12.545
images,3,1261.8768295896787,[141;211],13.106334
images,3,1261.8768295896787,[141;211],13.071416000000001
images,3,1261.8768295896787,[141;211],12.945583000000001
images,3,1261.8768295896787,[141;211],12.757917
images,3,1261.8768295896787,[141;211],13.438458
images,3,1261.8768295896787,[141;211],12.865833
images,3,1261.8768295896787,[141;211],12.744167000000001
images,3,1261.8768295896787,[141;211],12.691917
images,3,1261.8768295896787,[141;211],15.391292
images,3,1261.8768295896787,[141;211],12.79425
images,3,1261.8768295896787,[141;211],12.579583999999999
images,3,1261.8768295896787,[141;211],12.613416
images,3,1261.8768295896787,[141;211],12.888917
images,3,1261.8768295896787,[141;211],12.600541999999999
images,4,1363.0340123807196,[135;188;225],14.091125
images,4,1363.0340123807196,[135;188;225],13.828333
images,4,1363.0340123807196,[135;188;225],14.310917
images,4,1363.0340123807196,[135;188;225],14.6325
images,4,1363.0340123807196,[135;188;225],14.42475
images,4,1363.0340123807196,[135;188;225],14.16675
images,4,1363.0340123807196,[135;188;225],14.511916999999999
images,4,1363.0340123807196,[135;188;225],14.227542
images,4,1363.0340123807196,[135;188;225],14.462916
images,4,1363.0340123807196,[135;188;225],14.587042
images,4,1363.0340123807196,[135;188;225],14.610875
images,4,1363.0340123807196,[135;188;225],13.955625
images,4,1363.0340123807196,[135;188;225],14.554708
images,4,1363.0340123807196,[135;188;225],14.503083
images,4,1363.0340123807196,[135;188;225],14.099708000000001
images,4,1363.0340123807196,[135;188;225],14.093625
images,4,1363.0340123807196,[135;188;225],14.206167
images,4,1363.0340123807196,[135;188;225],14.087916
images,4,1363.0340123807196,[135;188;225],14.041792000000001
images,4,1363.0340123807196,[135;188;225],14.07075
images,4,1363.0340123807196,[135;188;225],14.388
images,4,1363.0340123807196,[135;188;225],14.186125
images,4,1363.0340123807196,[135;188;225],14.541125000000001
images,4,1363.0340123807196,[135;188;225],23.110167
images,4,1363.0340123807196,[135;188;225],13.816875
images,4,1363.0340123807196,[135;188;225],13.929542
images,4,1363.0340123807196,[135;188;225],14.258791
images,4,1363.0340123807196,[135;188;225],13.910832999999998
images,4,1363.0340123807196,[135;188;225],14.411334
images,4,1363.0340123807196,[135;188;225],14.281417
images,5,1395.81551101375,[131;178;204;233],25.545667
images,5,1395.81551101375,[131;178;204;233],24.415667
images,5,1395.81551101375,[131;178;204;233],24.925375
images,5,1395.81551101375,[131;178;204;233],25.002667
images,5,1395.81551101375,[131;178;204;233],24.491709
images,5,1395.81551101375,[131;178;204;233],25.318083
images,5,1395.81551101375,[131;178;204;233],25.448291
images,5,1395.81551101375,[131;178;204;233],24.842166
images,5,1395.81551101375,[131;178;204;233],25.560625
images,5,1395.81551101375,[131;178;204;233],24.654959
images,5,1395.81551101375,[131;178;204;233],26.013958
images,5,1395.81551101375,[131;178;204;233],25.046208
images,5,1395.81551101375,[131;178;204;233],24.371833
images,5,1395.81551101375,[131;178;204;233],24.900166000000002
images,5,1395.81551101375,[131;178;204;233],25.062334
images,5,1395.81551101375,[131;178;204;233],24.336875
images,5,1395.81551101375,[131;178;204;233],25.205875
images,5,1395.81551101375,[131;178;204;233],25.286125
images,5,1395.81551101375,[131;178;204;233],25.147917
images,5,1395.81551101375,[131;178;204;233],25.726125
images,5,1395.81551101375,[131;178;204;233],24.248792
images,5,1395.81551101375,[131;178;204;233],24.563875
images,5,1395.81551101375,[131;178;204;233],25.633875
images,5,1395.81551101375,[131;178;204;233],25.056083
images,5,1395.81551101375,[131;178;204;233],24.645207999999997
images,5,1395.81551101375,[131;178;204;233],25.73225
images,5,1395.81551101375,[131;178;204;233],25.618834
images,5,1395.81551101375,[131;178;204;233],25.48775
images,5,1395.81551101375,[131;178;204;233],24.854292
images,5,1395.81551101375,[131;178;204;233],31.335625
